method,dimensions,repeats,scenes,positive_similarity,positive_similarity_seed_std,positive_similarity_scene_std,positive_similarity_scene_count,negative_similarity,negative_similarity_seed_std,negative_similarity_scene_std,negative_similarity_scene_count,similarity_gap,similarity_gap_seed_std,similarity_gap_scene_std,similarity_gap_scene_count,retrieval_voxel_hit,retrieval_voxel_hit_seed_std,retrieval_voxel_hit_scene_std,retrieval_voxel_hit_scene_count,retrieval_hit_distance,retrieval_hit_distance_seed_std,retrieval_hit_distance_scene_std,retrieval_hit_distance_scene_count,retrieval_world_error_mean,retrieval_world_error_mean_seed_std,retrieval_world_error_mean_scene_std,retrieval_world_error_mean_scene_count,retrieval_world_error_median,retrieval_world_error_median_seed_std,retrieval_world_error_median_scene_std,retrieval_world_error_median_scene_count,scope
ablation_iterative,128,1,5,0.8240825650961169,0.0,0.03316510419513105,5,0.6678489583728867,0.0,0.04539525384175217,5,0.1568046407291233,0.0,0.03254478169001474,5,0.2500067756751724,0.0,0.09516318818796383,5,0.3655431295097016,0.0,0.10433371664503568,5,0.3413274949872622,0.0,0.08368788098317227,5,0.24438241971115912,0.0,0.10166830559278536,5,all_pairs
ablation_iterative,256,1,5,0.8543267733243205,0.0,0.02252206575545092,5,0.7103714769387464,0.0,0.050587892332536945,5,0.14441489863642173,0.0,0.039434030090877675,5,0.259231692816068,0.0,0.09980853191905345,5,0.37415466640478934,0.0,0.11319646193115994,5,0.336704592643326,0.0,0.08772073987482527,5,0.24038305936080792,0.0,0.09326999663727811,5,all_pairs
ablation_iterative,384,1,5,0.8656616182865635,0.0,0.0250354512044008,5,0.7363624322108971,0.0,0.014678156041017841,5,0.12989726445216976,0.0,0.014588989428948871,5,0.2638520634321567,0.0,0.0977822708021565,5,0.38165350810377746,0.0,0.11284268231053171,5,0.3339188959439975,0.0,0.0899418889487622,5,0.2353991797326073,0.0,0.09105927498986081,5,all_pairs
ablation_iterative,512,1,5,0.8761329649725267,0.0,0.02204482097773541,5,0.757628396487865,0.0,0.02323888049470825,5,0.11903057953889576,0.0,0.010182251230703286,5,0.2566546956199616,0.0,0.09719310166316883,5,0.3734080432635059,0.0,0.11293858165394206,5,0.3334319372767859,0.0,0.09064670484683274,5,0.24012413206360034,0.0,0.09589456066059665,5,all_pairs
ablation_iterative,768,1,5,0.885709428306549,0.0,0.012015262214308103,5,0.7773846461747926,0.0,0.013890395366115586,5,0.10885686663011027,0.0,0.015862232029460847,5,0.2549090019350327,0.0,0.09891135669920063,5,0.37228449214001424,0.0,0.11276130309675797,5,0.33513283704120933,0.0,0.09007881601838602,5,0.24354708074081327,0.0,0.09909980587862267,5,all_pairs
ablation_iterative,1024,1,5,0.8918945796643534,0.0,0.015497902708442616,5,0.794907900671289,0.0,0.013740972387496483,5,0.09760495775541005,0.0,0.014238577493924012,5,0.24110091373232057,0.0,0.0931186942672828,5,0.35432688828258885,0.0,0.10918269769793211,5,0.3442473627851609,0.0,0.09191290394551267,5,0.2510898533223137,0.0,0.10377050401615055,5,all_pairs
ablation_once,128,1,5,0.9040567987003634,0.0,0.01505850155960178,5,0.8149431482345086,0.0,0.022489454234236445,5,0.08968155368971295,0.0,0.010932837776830327,5,0.1897287740224128,0.0,0.07686374000399238,5,0.2865646093453364,0.0,0.08704167844810866,5,0.3974398720325677,0.0,0.07251765959860017,5,0.304719030640779,0.0,0.0940222408931876,5,all_pairs
ablation_once,256,1,5,0.8942708227903612,0.0,0.014195408015475126,5,0.7982032394578001,0.0,0.015484339195366108,5,0.09673955924002017,0.0,0.00888211112180258,5,0.21180617394592774,0.0,0.08917659583155305,5,0.3165552144529008,0.0,0.1007418715559598,5,0.3700453062338781,0.0,0.08061570112666724,5,0.2828186502187483,0.0,0.10210322893915248,5,all_pairs
ablation_once,384,1,5,0.8937934313474163,0.0,0.017300208984881767,5,0.796279941096949,0.0,0.01785417953632172,5,0.09820503742635653,0.0,0.013098969648268583,5,0.22707974999410024,0.0,0.09211265470783243,5,0.3348049683088517,0.0,0.10275818374427394,5,0.3559025898802818,0.0,0.08246447279428724,5,0.2631238799422018,0.0,0.09671306174667768,5,all_pairs
ablation_once,512,1,5,0.8934664685687711,0.0,0.015843771207961047,5,0.7970577985038758,0.0,0.014706020042092545,5,0.09705320589099384,0.0,0.01191778806028666,5,0.23265687642616584,0.0,0.09107986883080049,5,0.3411626057547835,0.0,0.10441998622706321,5,0.3549056975904783,0.0,0.08556521207651614,5,0.26382192481429345,0.0,0.10158138854330752,5,all_pairs
ablation_once,768,1,5,0.8930676722911096,0.0,0.01661884737756585,5,0.7971646271919106,0.0,0.017527768625198805,5,0.09655994831226923,0.0,0.013310444903511314,5,0.23867652549718602,0.0,0.09174954191991326,5,0.34726663028494753,0.0,0.10480484851391922,5,0.34754119039396103,0.0,0.08407912698407216,5,0.2532410384474262,0.0,0.09807244510651664,5,all_pairs
ablation_once,1024,1,5,0.8918945796643534,0.0,0.015497902708442616,5,0.794907900671289,0.0,0.013740972387496483,5,0.09760495775541005,0.0,0.014238577493924012,5,0.24110091373232057,0.0,0.0931186942672828,5,0.35432688828258885,0.0,0.10918269769793211,5,0.3442473627851609,0.0,0.09191290394551267,5,0.2510898533223137,0.0,0.10377050401615055,5,all_pairs
centered_full,1536,1,5,0.6428089785191322,0.0,0.05712083236943952,5,0.3020436164997133,0.0,0.07093560817591225,5,0.3420543657928209,0.0,0.055720217327543474,5,0.21707727816933126,0.0,0.08476609501221978,5,0.3218064174879932,0.0,0.10557309455974512,5,0.3728755001135461,0.0,0.097282473820039,5,0.2941282472062495,0.0,0.11759631376400571,5,all_pairs
original,1536,1,5,0.9739480097255399,0.0,0.005450650462581929,5,0.9466847879441254,0.0,0.006538058391100019,5,0.02746338013903471,0.0,0.0032110307520252022,5,0.2130213954153044,0.0,0.08725433334164026,5,0.3147779595350165,0.0,0.11124021212649027,5,0.3789832097009212,0.0,0.10142633443338869,5,0.2863053411774097,0.0,0.1139240733334531,5,all_pairs
pca,128,1,5,0.6747826898674811,0.0,0.0604152916859919,5,0.3178799934634164,0.0,0.07883750796148534,5,0.35820521667148975,0.0,0.06057584194384344,5,0.19984094572069414,0.0,0.07889099826446554,5,0.2986355609798153,0.0,0.10222925177858323,5,0.39478933004737593,0.0,0.09849717777740001,5,0.3132008529766913,0.0,0.11834975765615824,5,all_pairs
pca,256,1,5,0.6595035197465652,0.0,0.059270193961286397,5,0.3096539852424917,0.0,0.07541783888757561,5,0.3511488512589785,0.0,0.05831316190332543,5,0.2090848042937791,0.0,0.08236169145320754,5,0.3112172835887782,0.0,0.1047319044348282,5,0.38568688325047296,0.0,0.09914367125857196,5,0.3014935069555236,0.0,0.1175027519497578,5,all_pairs
pca,384,1,5,0.6528712689972692,0.0,0.05860767468332777,5,0.30621536400833815,0.0,0.07392141404677031,5,0.34794969180434887,0.0,0.05741792821694092,5,0.211709104856737,0.0,0.08348929056291265,5,0.3150840376949258,0.0,0.10525886179092016,5,0.381326693929045,0.0,0.09872019476272739,5,0.2987737379535552,0.0,0.1173723444769864,5,all_pairs
pca,512,1,5,0.6493466590296837,0.0,0.05812512901585463,5,0.3046110541165862,0.0,0.07303568654248914,5,0.34602627675773384,0.0,0.056915593010432,5,0.21334691551412624,0.0,0.08392304172046679,5,0.3171369542705032,0.0,0.10549359373951231,5,0.3799357495695489,0.0,0.09881363494885124,5,0.2992946941814115,0.0,0.11687646660756587,5,all_pairs
pca,768,1,5,0.6457259296601819,0.0,0.057588247950603084,5,0.30309400161995914,0.0,0.07193393018652267,5,0.3439220885475069,0.0,0.056253471987243855,5,0.2143462751359885,0.0,0.08345956176273678,5,0.3188485825226691,0.0,0.10527806659724352,5,0.37501622179984456,0.0,0.09760988098155109,5,0.2957574651558553,0.0,0.11687134365819576,5,all_pairs
pca,1024,1,5,0.6440262211522747,0.0,0.05733751130282813,5,0.30247071833647887,0.0,0.07137539365433151,5,0.3428452303241768,0.0,0.055945547027043796,5,0.21538268591937068,0.0,0.08399512568614467,5,0.32011347175847626,0.0,0.1054289643431791,5,0.3738004637036615,0.0,0.09750529626736694,5,0.2949374786307735,0.0,0.11688421605199753,5,all_pairs
random,128,5,5,0.8940793797969817,0.012203934010488561,0.019456551063901404,5,0.7896305218090067,0.016994408565807265,0.023902530116229635,5,0.10506620566936939,0.013055101586872312,0.014663404840948887,5,0.18560802968927043,0.01256345807060489,0.07683707625049224,5,0.2774279998077282,0.016426175633302256,0.09547024680521413,5,0.41258721295916423,0.013087492987288648,0.09258705302156073,5,0.31790210373267047,0.01605088331744319,0.10371105404548102,5,all_pairs
random,256,5,5,0.8934766108797442,0.009329749339042499,0.022798671626328235,5,0.7856055139160352,0.017824374117107827,0.030723187266910208,5,0.10864467869669478,0.00896204003760216,0.015214547090094992,5,0.19964681104070964,0.012963230452119856,0.08122653348276096,5,0.29485125596047734,0.01660239831741246,0.10316853481390788,5,0.39323413269849034,0.013919720633650112,0.09202834837675779,5,0.29999816444131633,0.012453603829250563,0.1027064763702902,5,all_pairs
random,384,5,5,0.930828618845632,0.04989121029573487,0.013898941358760823,5,0.8621607690822785,0.09811941064498961,0.018567817666008766,5,0.06920352550180095,0.04864184366018935,0.009284935230215672,5,0.2031843585499923,0.0108177429421782,0.0849759437794447,5,0.3005450110078779,0.015204484536126722,0.10661477189027313,5,0.3876642466909754,0.01217660948346838,0.09484787535186243,5,0.295528024676346,0.013092490029372855,0.1056804723753615,5,all_pairs
random,512,5,5,0.9276177479490156,0.05100016975620991,0.014844483315666504,5,0.8562245225956246,0.10058935241202183,0.019462303442928295,5,0.07195867968516842,0.05009210655824532,0.009546708587179263,5,0.20650582682250032,0.007451042394040585,0.08483337224167004,5,0.30554779659392345,0.008987285673584717,0.10660528693781514,5,0.38207843028911315,0.006959831193748589,0.09557368877995198,5,0.2915161575271238,0.007495638742335371,0.10760270056853474,5,all_pairs
random,768,5,5,0.9458879087240465,0.0478529785383138,0.011229351544666371,5,0.8917792615656077,0.09454659809323249,0.014346037215456098,5,0.05448850063007166,0.04720551309489923,0.0073931736677886875,5,0.2114366035767757,0.007744536650144739,0.08630377098971218,5,0.3109689174086813,0.011119731459324707,0.10888360534981849,5,0.38117589819670467,0.008745278552721215,0.09680373480436599,5,0.29077263437355716,0.008437389601363492,0.10797997417802074,5,all_pairs
random,1024,5,5,0.9430928571801032,0.046625456659593,0.012218043226533514,5,0.8851765225366357,0.0936335509270828,0.01584080739733012,5,0.05835623090144241,0.04740147263940287,0.008096450159742896,5,0.21480851755845531,0.006745039450019045,0.08740988142871077,5,0.3155313313605334,0.00922077238360289,0.11068977934529053,5,0.3767361721834166,0.0065996271252503295,0.09889974074375449,5,0.28628370982504664,0.005435330991254679,0.10951464771823141,5,all_pairs
ablation_iterative,128,1,5,0.8285820693091341,0.0,0.032832924864922654,5,0.6711636052310417,0.0,0.04615706068155516,5,0.15803424145825748,0.0,0.03336997089279416,5,0.2533110902995729,0.0,0.09784309366054499,5,0.3704532968613664,0.0,0.10770715675714981,5,0.3363449732015938,0.0,0.08784524608397921,5,0.24057503647840858,0.0,0.10639655526227919,5,within_chunk
ablation_iterative,256,1,5,0.858454306355694,0.0,0.021906546805314224,5,0.7135170732639258,0.0,0.05020288361496096,5,0.14543443326566136,0.0,0.039711791395610076,5,0.2620835347150744,0.0,0.1015488611156779,5,0.3781947786721999,0.0,0.11611622181750941,5,0.332527926330081,0.0,0.09246480841681823,5,0.23782318843430592,0.0,0.09759253449026878,5,within_chunk
ablation_iterative,384,1,5,0.8697696804372888,0.0,0.024280910555169392,5,0.7393126166753702,0.0,0.01234896485956556,5,0.1310904989838427,0.0,0.015313830169183768,5,0.26693773891111194,0.0,0.09979109155797422,5,0.38591236421846714,0.0,0.1171132123930829,5,0.3290869518947402,0.0,0.09563879091259268,5,0.23278737396786084,0.0,0.09600125394856529,5,within_chunk
ablation_iterative,512,1,5,0.8799934180159317,0.0,0.021605446291045955,5,0.7605004403393928,0.0,0.021726425128114856,5,0.12004959295243722,0.0,0.01064712803608449,5,0.25931613752473365,0.0,0.09970610821181382,5,0.37724619628103556,0.0,0.11629968952026165,5,0.33101066252559075,0.0,0.0947494614102708,5,0.23851035722122904,0.0,0.10058903391390751,5,within_chunk
ablation_iterative,768,1,5,0.8896231544017791,0.0,0.011755482049228884,5,0.7803449120773273,0.0,0.014097790349455951,5,0.10984447478923114,0.0,0.016793210596685957,5,0.25738147593243343,0.0,0.10097144475478192,5,0.37571408595752936,0.0,0.11551267209117808,5,0.33205146199013763,0.0,0.09462277833654921,5,0.24176244350378973,0.0,0.10310398635598755,5,within_chunk
ablation_iterative,1024,1,5,0.8961832383013608,0.0,0.015445190999479108,5,0.7983280108496209,0.0,0.015008509385100679,5,0.09851624087956194,0.0,0.01525736250935224,5,0.24411915388318528,0.0,0.09531861263452383,5,0.35865928340249376,0.0,0.11176607211781148,5,0.34131172462360493,0.0,0.09719858302533045,5,0.24913420687772728,0.0,0.10791554109952058,5,within_chunk
ablation_once,128,1,5,0.9093364601177081,0.0,0.014637338672443587,5,0.8197969375496224,0.0,0.022435408554721314,5,0.09016982634010244,0.0,0.011896694760596108,5,0.19382661134105966,0.0,0.07885207532421594,5,0.29216845855365536,0.0,0.09029115578492168,5,0.38864784659848994,0.0,0.08134004090684029,5,0.295522284294691,0.0,0.10354919558139979,5,within_chunk
ablation_once,256,1,5,0.899579700712572,0.0,0.01432348086611688,5,0.8029489756374126,0.0,0.01633602617926684,5,0.09735923344620567,0.0,0.01009693703426135,5,0.21578511084847096,0.0,0.09209789483338103,5,0.32169610566929674,0.0,0.10521979202545655,5,0.36347641488253357,0.0,0.08867260813638701,5,0.27673704622346057,0.0,0.11098461978246592,5,within_chunk
ablation_once,384,1,5,0.8987640413485074,0.0,0.016842769273856882,5,0.8006346111964291,0.0,0.018189444502234878,5,0.09887629347888549,0.0,0.013949682597543941,5,0.23044210904116108,0.0,0.09436145775350682,5,0.3389984745859612,0.0,0.10574716339540416,5,0.3516778078914357,0.0,0.08839929492190952,5,0.2586374171391914,0.0,0.103102588602746,5,within_chunk
ablation_once,512,1,5,0.8981575260873427,0.0,0.01564494892943916,5,0.8010413702812895,0.0,0.015219803121900148,5,0.09780885981770714,0.0,0.012730877161888825,5,0.23646542318638525,0.0,0.09377946971567527,5,0.34610459763384427,0.0,0.10750748091453942,5,0.3500578720417394,0.0,0.09225423774970128,5,0.258257627994345,0.0,0.1087780649214233,5,within_chunk
ablation_once,768,1,5,0.8974566929800469,0.0,0.016605965260598286,5,0.8007462908310096,0.0,0.018547080557146437,5,0.09741227066942314,0.0,0.014403159064577413,5,0.24154064977354314,0.0,0.09390049025582482,5,0.3511733908248872,0.0,0.10758734598246063,5,0.3441022514214943,0.0,0.09093493112570435,5,0.25148353269487095,0.0,0.10297651930162847,5,within_chunk
ablation_once,1024,1,5,0.8961832383013608,0.0,0.015445190999479108,5,0.7983280108496209,0.0,0.015008509385100679,5,0.09851624087956194,0.0,0.01525736250935224,5,0.24411915388318528,0.0,0.09531861263452383,5,0.35865928340249376,0.0,0.11176607211781148,5,0.34131172462360493,0.0,0.09719858302533045,5,0.24913420687772728,0.0,0.10791554109952058,5,within_chunk
centered_full,1536,1,5,0.6530867413470619,0.0,0.06098589939808715,5,0.3084985351138786,0.0,0.07689617423203947,5,0.345940513543233,0.0,0.05902477734240846,5,0.2207873840559061,0.0,0.08714328287530909,5,0.32707434488664944,0.0,0.10830109049391196,5,0.3687309654070724,0.0,0.10118728159617771,5,0.2902251825926074,0.0,0.12181391386332675,5,within_chunk
original,1536,1,5,0.974937624575799,0.0,0.005486207689007802,5,0.9474443831824715,0.0,0.006727475811015579,5,0.027703867477556637,0.0,0.0035079690697204934,5,0.21548313067240094,0.0,0.08945379366523562,5,0.31857756645796964,0.0,0.1135261299677798,5,0.3751997877709027,0.0,0.10518685294314753,5,0.2841114007668537,0.0,0.11672003998448784,5,within_chunk
pca,128,1,5,0.6855189835084112,0.0,0.06442223095339102,5,0.3248244565140602,0.0,0.08530540103471979,5,0.36206209711506376,0.0,0.06425738700834374,5,0.20367116761882556,0.0,0.0812226156479629,5,0.3039563307787238,0.0,0.10486877857810767,5,0.3903416022261582,0.0,0.10230595202779665,5,0.3084651670696443,0.0,0.12248126124558645,5,within_chunk
pca,256,1,5,0.6699883157119416,0.0,0.06325788872068686,5,0.31635396290913825,0.0,0.08165570855240005,5,0.3549974425040284,0.0,0.06182556500360859,5,0.21260890034065832,0.0,0.08458260882336584,5,0.3162468666602633,0.0,0.1072919736646356,5,0.3814124256157941,0.0,0.10305105053668226,5,0.29715279066248945,0.0,0.12146336458557658,5,within_chunk
pca,384,1,5,0.6632517370947622,0.0,0.06255368815169189,5,0.31280926540219645,0.0,0.08006888380701904,5,0.35179962249660285,0.0,0.060862211980023395,5,0.21546883440041312,0.0,0.08571829065036539,5,0.3203386012207109,0.0,0.10771379509652998,5,0.3771958786135232,0.0,0.10255819888059028,5,0.2947176378037323,0.0,0.12128173523328528,5,within_chunk
pca,512,1,5,0.6596823768134703,0.0,0.06205249250236152,5,0.31115334547583257,0.0,0.07912293707539261,5,0.3498829912721025,0.0,0.06031906562789326,5,0.21702097932138256,0.0,0.08617921323498554,5,0.3223210853009297,0.0,0.10797132242021835,5,0.37578272277498276,0.0,0.10271428045255493,5,0.29520634489493414,0.0,0.12095625599502459,5,within_chunk
pca,768,1,5,0.6560240035935452,0.0,0.06148318886212912,5,0.3095854157790517,0.0,0.07795654459206164,5,0.3477919722832408,0.0,0.05960326317413716,5,0.2182592085186963,0.0,0.0857464130268815,5,0.3242962604356489,0.0,0.10781541834725107,5,0.37071090065433515,0.0,0.10164965353983127,5,0.29174750827122153,0.0,0.12114344177969519,5,within_chunk
pca,1024,1,5,0.654307583643679,0.0,0.06121618797804598,5,0.3089386216543266,0.0,0.07736405821809415,5,0.34672192494364346,0.0,0.05926895678418988,5,0.21908431700024264,0.0,0.08626382376009605,5,0.32536258242232347,0.0,0.10789743439330174,5,0.36964197786607417,0.0,0.10137907209734477,5,0.29105842751499855,0.0,0.12105979209641347,5,within_chunk
random,128,5,5,0.8983271754206272,0.01183435531521873,0.019379633121928922,5,0.7930654293493555,0.01654163989519162,0.024921020789525076,5,0.1059171294663241,0.013125910344795122,0.01615925370873182,5,0.18930068974203063,0.012596641413831088,0.07886481473313342,5,0.28283771938367674,0.016404863679152,0.0982565038539889,5,0.4049985677294884,0.011649412526506472,0.09571032662058546,5,0.3111954066523334,0.014494672437825684,0.10854276455991689,5,within_chunk
random,256,5,5,0.8979357431436841,0.009094403446596478,0.023068828511506243,5,0.7894608211942915,0.017728477140314676,0.031627098565045815,5,0.10929090750843944,0.009093558162960211,0.01659165767813191,5,0.20331261478306337,0.013401625155035242,0.08342372974235622,5,0.30010326768388457,0.01727610876438073,0.10599121715928539,5,0.38736947343298983,0.014089926002946606,0.09647908796949639,5,0.2936834269037895,0.012582335649914197,0.10762161435759088,5,within_chunk
random,384,5,5,0.9336852186688207,0.04784734615614528,0.013972210589485935,5,0.8645827702603286,0.09639307013710188,0.019080432180377194,5,0.06966739569573355,0.04897634302123371,0.010104018709859452,5,0.2064400488100553,0.010619925399223578,0.08695732195312195,5,0.3055032556126543,0.015027845558137517,0.10903797072779332,5,0.3818080981741977,0.01166578034562129,0.09885713772436222,5,0.28970722067016264,0.01176792868717164,0.10926088063774349,5,within_chunk
random,512,5,5,0.9308735791089242,0.048680782534041,0.014938538437853551,5,0.8590930560882825,0.09853457118852157,0.019928836896359686,5,0.07237897490906577,0.05037189161276825,0.01035038294283499,5,0.21003105452194554,0.007280022526000486,0.08688319900604866,5,0.3107287970316438,0.008794752347803024,0.10918782998844886,5,0.375820149377151,0.006191777370270409,0.10016562287653724,5,0.2858378645184271,0.006746120863515247,0.1117083278075792,5,within_chunk
random,768,5,5,0.948126429507607,0.04576166170761743,0.011311744571310721,5,0.8936883911177509,0.09267661985911965,0.014733521377179554,5,0.054840281096966016,0.04743317839567803,0.008026057531650177,5,0.21440287229447486,0.007774646780963384,0.08828887959783879,5,0.31550727134117107,0.011174975600257573,0.11122921050449272,5,0.3754599481388532,0.007929227795477205,0.10108376998683259,5,0.285348324072727,0.00729064850435959,0.11159608586834362,5,within_chunk
random,1024,5,5,0.9453582133326615,0.04469352649973686,0.012307735438116323,5,0.8870601354672301,0.09195656528564508,0.016281104431469587,5,0.05876233440417321,0.047671934485182275,0.008779934826771208,5,0.21754435216013338,0.006600332948398961,0.08937831776835807,5,0.31971234083015576,0.009200867652010216,0.11287008579163595,5,0.3717442653343431,0.006451640138260527,0.10362275614747608,5,0.2817960139518244,0.0045996554934600534,0.11343414215601381,5,within_chunk
