scene,method,dimensions,repeat,contributing_rows,valid_rows,positive_similarity,positive_similarity_std,positive_similarity_count,negative_similarity,negative_similarity_std,negative_similarity_count,similarity_gap,similarity_gap_std,similarity_gap_count,retrieval_voxel_hit,retrieval_voxel_hit_std,retrieval_voxel_hit_count,retrieval_hit_distance,retrieval_hit_distance_std,retrieval_hit_distance_count,retrieval_world_error_mean,retrieval_world_error_mean_std,retrieval_world_error_mean_count,retrieval_world_error_median,retrieval_world_error_median_std,retrieval_world_error_median_count,status
scene0707_00,ablation_iterative,128,0,31,31,0.769168000067434,0.03693640831816261,31,0.44197868460711237,0.05609281056773599,31,0.32718931546032165,0.06867488901247067,31,0.3910659055837636,0.1375046359623387,31,0.5811930121055849,0.14922198460878272,31,0.1718341072048527,0.08655672113898001,31,0.0935662244596789,0.040864268185988255,31,ok
scene0707_00,ablation_iterative,256,0,31,31,0.7933286101587357,0.033637828464676216,31,0.4830466320355936,0.03508171373245518,31,0.31028197812314207,0.05391600905046781,31,0.40648926092688764,0.1467259978426803,31,0.5929644159022868,0.15022628143005837,31,0.1648003991728636,0.09490662167235359,31,0.09075867480808689,0.041658828393483865,31,ok
scene0707_00,ablation_iterative,384,0,31,31,0.7992480743315912,0.03346824634870283,31,0.502778337643705,0.04187683135758495,31,0.2964697366878861,0.057277818559844824,31,0.40420159294847785,0.14537960729044794,31,0.5927484395191438,0.15038420917821943,31,0.16323738057288525,0.09122561537827802,31,0.08726301885420276,0.0353885998895082,31,ok
scene0707_00,ablation_iterative,512,0,31,31,0.8305976025519832,0.028556410730714247,31,0.5835556429382708,0.036963044957834944,31,0.2470419596137125,0.04721580142155292,31,0.3970948944546343,0.13919329951131143,31,0.5914125725476753,0.14687893775547148,31,0.163317454817893,0.09061713021277218,31,0.09072433135682537,0.039028541601157374,31,ok
scene0707_00,ablation_iterative,768,0,31,31,0.8639964768963475,0.0212549407030188,31,0.6712589161292118,0.032535890431416754,31,0.19273756076713583,0.0380198021998649,31,0.39573281197082516,0.1455920977067746,31,0.5891170688036185,0.15379721773190463,31,0.16298968474256934,0.08633869847178728,31,0.09021911830190689,0.03923695377074543,31,ok
scene0707_00,ablation_iterative,1024,0,31,31,0.8801119615954738,0.01695384077012197,31,0.7139649439551552,0.03236256913270321,31,0.1661470176403186,0.034323534511276385,31,0.36734327726673605,0.1356823885449275,31,0.5596192628111666,0.14958908147340724,31,0.17166827870560888,0.09305177633846883,31,0.09901510515520649,0.04531501723972175,31,ok
scene0707_00,ablation_once,128,0,31,31,0.8450069408262929,0.02482550185668534,31,0.6677771037838336,0.05521227789417806,31,0.17722983704245923,0.04464998408184147,31,0.24016099490767723,0.10263009509020896,31,0.393154264710236,0.11876332148264135,31,0.2492265665145547,0.09605398349426422,31,0.15442759087008814,0.057481251840680564,31,ok
scene0707_00,ablation_once,256,0,31,31,0.8673012718077628,0.019508828294070014,31,0.70068776844715,0.04156049091466973,31,0.16661350336061298,0.03667622432588442,31,0.2859013082176951,0.11329859766052154,31,0.4614211351354233,0.1342463909916539,31,0.21003720991168592,0.0841122764410591,31,0.12289968181040979,0.050767279675602815,31,ok
scene0707_00,ablation_once,384,0,31,31,0.867766636033212,0.01909661531918892,31,0.6974576249322946,0.038879570665261695,31,0.17030901110091742,0.036055493395789805,31,0.31956576419389165,0.1193571222639185,31,0.5013759223035656,0.1337173198991862,31,0.19975778585337817,0.09565611980269693,31,0.11307199227233086,0.047778225386958945,31,ok
scene0707_00,ablation_once,512,0,31,31,0.8670426395631605,0.018815002792824716,31,0.6904184563572686,0.03621811028190041,31,0.17662418320589202,0.03612697246279947,31,0.3339982814102059,0.1262307890943018,31,0.5244218303135901,0.1426151135302468,31,0.1822799101841294,0.0897600995043238,31,0.10727449338282308,0.04504865356726756,31,ok
scene0707_00,ablation_once,768,0,31,31,0.8686151119970507,0.018018124840851888,31,0.6913669243320333,0.03455168971683645,31,0.17724818766501732,0.036057870905419315,31,0.3541564416880452,0.13333562335030216,31,0.5487970979417048,0.14335787943422854,31,0.17129824904888108,0.08252916635546655,31,0.100409715166015,0.04219944088517923,31,ok
scene0707_00,ablation_once,1024,0,31,31,0.8801119615954738,0.01695384077012197,31,0.7139649439551552,0.03236256913270321,31,0.1661470176403186,0.034323534511276385,31,0.36734327726673605,0.1356823885449275,31,0.5596192628111666,0.14958908147340724,31,0.17166827870560888,0.09305177633846883,31,0.09901510515520649,0.04531501723972175,31,ok
scene0707_00,centered_full,1536,0,31,31,0.624508463567303,0.059244037950306326,31,0.1730921405324964,0.06544804055933588,31,0.45141632303480667,0.08308914486897531,31,0.3654763592578696,0.1360788965779722,31,0.5499279630177142,0.14091854427016354,31,0.1829568912002701,0.08867144722396907,31,0.10156432070559071,0.04528242846677523,31,ok
scene0707_00,original,1536,0,31,31,0.9828289824147378,0.0027206596523450173,31,0.9593850864010105,0.0055033741299046575,31,0.023443896013727296,0.005311815919696678,31,0.3643551616036417,0.14354453144291884,31,0.5547915936321375,0.1483859921163131,31,0.17553526387105056,0.08463665608719351,31,0.10090068114861366,0.04465564602451515,31,ok
scene0707_00,pca,128,0,31,31,0.6768301783069488,0.05819771454988074,31,0.1999670687717986,0.07778450232852253,31,0.47686310953515026,0.08907899667020759,31,0.31680260942624006,0.11987348092258363,31,0.486506035788381,0.13779663442848644,31,0.21479593941539823,0.101679235145326,31,0.11767602687881838,0.05377565344087873,31,ok
scene0707_00,pca,256,0,31,31,0.6561983650730502,0.05919562225570946,31,0.1869952575565833,0.07182116343369234,31,0.46920310751646693,0.08628913392328837,31,0.3451157681255765,0.12828178188574568,31,0.5221312625578419,0.13714849869926307,31,0.19641680243565537,0.09417330355950665,31,0.10583881949705462,0.04773546145486379,31,ok
scene0707_00,pca,384,0,31,31,0.6469032966321514,0.05938313120517762,31,0.182452963616455,0.06975571376831588,31,0.46445033301569644,0.0853675853926385,31,0.3537559739182958,0.13697851076204365,31,0.5326863147892321,0.1423470997000191,31,0.19254268428603064,0.0933418180277616,31,0.10517582802041885,0.047826954538659226,31,ok
scene0707_00,pca,512,0,31,31,0.6408134516208402,0.059359258723168926,31,0.17960598118154977,0.06847281462212171,31,0.4612074704392905,0.08485550067704851,31,0.3571879460146005,0.1336837137092291,31,0.5377590143640112,0.14008276196591793,31,0.18935243577242244,0.09077621620112823,31,0.10356007780759566,0.046430078431248745,31,ok
scene0707_00,pca,768,0,31,31,0.6333457346885435,0.059363467516367514,31,0.17641166817122594,0.06690871713637753,31,0.45693406651731755,0.08401279004800863,31,0.362627015455599,0.1346879339802646,31,0.5457593612205911,0.13867824982939014,31,0.18705288463003963,0.08996866739605389,31,0.10209716135455717,0.045694801571699764,31,ok
scene0707_00,pca,1024,0,31,31,0.6288472798562819,0.05932459396781146,31,0.1746437100184595,0.0661413540887734,31,0.4542035698378224,0.08352598535614854,31,0.36461733123799045,0.13657678897965414,31,0.5478970533941427,0.14082646375978988,31,0.18395864571770143,0.08867507827499133,31,0.10189475143148054,0.045584944480168484,31,ok
scene0707_00,random,128,42,31,31,0.8918144895184424,0.0225696406179204,31,0.7128571235184468,0.04628484345893217,31,0.1789573659999958,0.0485889845771247,31,0.3479745335179943,0.13760268876780743,31,0.5305339988264097,0.14115939491762364,31,0.18939559146569232,0.09017416446226036,31,0.1036513970503884,0.043425388871476046,31,ok
scene0707_00,random,128,43,31,31,0.868166317862849,0.020160316030201568,31,0.6865954672995803,0.04349609752563601,31,0.1815708505632687,0.04428992373617858,31,0.3316266192612021,0.1362000766014168,31,0.4861785541609734,0.15339682318165151,31,0.21696152213573192,0.1061250969620814,31,0.11738328996204561,0.053067392266992905,31,ok
scene0707_00,random,128,44,31,31,0.9020600107408339,0.021015168273918205,31,0.7580674596939161,0.05086968075852717,31,0.14399255104691772,0.041382251293772467,31,0.308609695723023,0.13298783634251057,31,0.4718888610332129,0.14478978930331274,31,0.21452131839969957,0.10049821497789573,31,0.12627230368314252,0.06099839144011866,31,ok
scene0707_00,random,128,45,31,31,0.9045200617082657,0.01959851527217226,31,0.7696049817290427,0.040007092821957045,31,0.13491507997922284,0.03539873073936491,31,0.3210039791115788,0.12468495290468976,31,0.4867356594638055,0.13462101857347086,31,0.19961742065963478,0.08084820739280223,31,0.11648679212216408,0.04806779538794477,31,ok
scene0707_00,random,128,46,31,31,0.859924650961353,0.020398487199137418,31,0.6942129039697423,0.036993439780374664,31,0.1657117469916105,0.03462094204372455,31,0.3185451386888687,0.11974204962968056,31,0.48820714413466537,0.13629183122180566,31,0.20456059123332046,0.0857915284504169,31,0.11707500969209979,0.04759681414585268,31,ok
scene0707_00,random,256,42,31,31,0.8817355248235887,0.0217813984962021,31,0.7041496998344299,0.04365661039915398,31,0.17758582498915884,0.043417319921771017,31,0.36156165835040466,0.14091367199279062,31,0.5383707822557932,0.1515667402535637,31,0.18045228865337531,0.09349404674539419,31,0.10128506741696788,0.04725302774864512,31,ok
scene0707_00,random,256,43,31,31,0.9161746501922607,0.011858924571393988,31,0.7860335818626433,0.02519315546480209,31,0.1301410683296175,0.02814792358240278,31,0.3616559367997843,0.1410592233726623,31,0.5399932462867433,0.1440549380107531,31,0.18106325156466355,0.09576286668941261,31,0.10253773281170477,0.04363756931777799,31,ok
scene0707_00,random,256,44,31,31,0.8915223190861363,0.01957126206757277,31,0.7457939700921609,0.039147868975325385,31,0.14572834899397535,0.034857037561599406,31,0.32688701580777635,0.14028107247881183,31,0.4995269148127266,0.15286206234850797,31,0.1965505928993237,0.0945285712806995,31,0.1146405330829082,0.051166633791944825,31,ok
scene0707_00,random,256,45,31,31,0.910861034547129,0.01407252512128948,31,0.7817997427771467,0.025770718275037213,31,0.12906129176998224,0.02897397133210252,31,0.3505111224054371,0.12233295833833772,31,0.5298478997403068,0.12864462141105407,31,0.18070656374383157,0.07984027052692655,31,0.10519305123917518,0.048097705717820516,31,ok
scene0707_00,random,256,46,31,31,0.8701610565185547,0.020823903310615864,31,0.716366669344286,0.042172715574900876,31,0.15379438717426877,0.03533763602343283,31,0.32457860548125184,0.11622796063530959,31,0.5153920241265331,0.1335994310842629,31,0.1880283527333676,0.08390507442968671,31,0.10716732074656794,0.04242998862014741,31,ok
scene0707_00,random,384,42,31,31,0.8778871259381694,0.019836677974583668,31,0.7070054815696077,0.031844551825460796,31,0.17088164436856149,0.037323513344383275,31,0.3714849823850951,0.1401418492060232,31,0.5506617641271451,0.15230257427973776,31,0.17181084997839688,0.0861561185794306,31,0.0994740984132213,0.0424249186740233,31,ok
scene0707_00,random,384,43,31,31,0.8956597543531849,0.014036815509285408,31,0.7465198376310237,0.025318631750251102,31,0.1491399167221612,0.0301886633767956,31,0.3674063066173027,0.13884523355032896,31,0.5470744662043788,0.1402298717891593,31,0.17924019498958332,0.09968474516097142,31,0.1005251319898713,0.042693396937047955,31,ok
scene0707_00,random,384,44,31,31,0.9950444313787645,0.0009250330316380057,31,0.9877138314083329,0.001998733078942106,31,0.007330599970431449,0.0018015108708725153,31,0.3356602079034759,0.1369113099351931,31,0.5071124998731263,0.15630655825429696,31,0.1955184042851789,0.09493233994475656,31,0.11463831629483931,0.0531817007626353,31,ok
scene0707_00,random,384,45,31,31,0.9951022844160756,0.0008497289650981086,31,0.9881280647893764,0.001711258126089221,31,0.006974219626699089,0.0016435791995239731,31,0.3415603817797828,0.12774466531594753,31,0.5182736733062001,0.14043701644593767,31,0.19261655672804393,0.09394424444513003,31,0.11043693557862312,0.049014008607684276,31,ok
scene0707_00,random,384,46,31,31,0.8708659448931294,0.01890943529482008,31,0.72602215167879,0.035747339124483,31,0.14484379321433943,0.03213838865825885,31,0.3322462766257781,0.12327458114720864,31,0.510655391815692,0.13658723488517535,31,0.19141857159677023,0.08888890329357695,31,0.10827217239045328,0.04427578377623054,31,ok
scene0707_00,random,512,42,31,31,0.8725053206566842,0.019171824418524077,31,0.7045007300835497,0.030193602056839568,31,0.16800459057313438,0.0359639188034604,31,0.36791688208264867,0.1334100105425703,31,0.5478605950834088,0.1457855370430046,31,0.17018114103543228,0.08183534496759312,31,0.09893261400922652,0.041481123827252095,31,ok
scene0707_00,random,512,43,31,31,0.8939321175698312,0.01521553972190915,31,0.7448148631833196,0.026045980530250083,31,0.1491172543865116,0.030782947971894424,31,0.371361355305499,0.1461855033378157,31,0.5557476872934862,0.1419080332906483,31,0.17664808274314117,0.0943098564865984,31,0.09693123880893953,0.0392468183618025,31,ok
scene0707_00,random,512,44,31,31,0.993697056847234,0.001128141412894897,31,0.9846780895047476,0.0024185549406559492,31,0.009018967342486438,0.002167730524011911,31,0.3457409318012958,0.13193601668907576,31,0.5267367078286376,0.15315296203710513,31,0.19111809605676897,0.0936402998153256,31,0.11034825696579871,0.052725000412595126,31,ok
scene0707_00,random,512,45,31,31,0.9936534916200945,0.0010582987529328758,31,0.9850048811838538,0.0020489055815829152,31,0.008648610436240673,0.001959902561129061,31,0.35130815730581705,0.13498723987850375,31,0.531047287451935,0.1449420422189559,31,0.18223318378444492,0.08976340775855517,31,0.10820250705845895,0.052426036811600414,31,ok
scene0707_00,random,512,46,31,31,0.8759202284197654,0.01721244186582102,31,0.7228761280271248,0.03319256478140102,31,0.1530441003926407,0.03399255327848029,31,0.34673723973629084,0.12818428415273925,31,0.5234844341430925,0.14334916895338268,31,0.18615786028695092,0.09008245530016906,31,0.10563842423500554,0.044641809023366244,31,ok
scene0707_00,random,768,42,31,31,0.8676589477446771,0.018348246504778183,31,0.6979261499392251,0.02894981134887945,31,0.1697327978054521,0.03532299564845106,31,0.3726641175667591,0.1360495071761664,31,0.5535923121549463,0.14643589395564988,31,0.17268984296491383,0.08655059865907164,31,0.09847401455044746,0.041735955485908104,31,ok
scene0707_00,random,768,43,31,31,0.8926262817075176,0.015460141783111237,31,0.7404142318065934,0.028560209087804208,31,0.15221204990092416,0.03221197142325573,31,0.3653303598198022,0.14615126401755482,31,0.5527180725273738,0.1546428301274954,31,0.1781493610575608,0.09320274036068012,31,0.1019185132557346,0.045833870493311266,31,ok
scene0707_00,random,768,44,31,31,0.9906906350966422,0.0016288485558063012,31,0.9777530258745463,0.0033866349720626386,31,0.012937609222095912,0.0031144049811875477,31,0.35092202032067876,0.13087332224094084,31,0.5326764182815439,0.1449468423946416,31,0.18595355871914265,0.08919548251224627,31,0.10862265983896871,0.049889344313005575,31,ok
scene0707_00,random,768,45,31,31,0.9906115224284511,0.001509074569791553,31,0.9778171649981355,0.0029527642297334867,31,0.012794357430315543,0.0028105471956465125,31,0.3528620980740383,0.13197992413133763,31,0.5371280903337368,0.14086886388021855,31,0.17917263979757225,0.08282508885352224,31,0.1042647824412392,0.046625666379211166,31,ok
scene0707_00,random,768,46,31,31,0.9907369036828318,0.0014684992517302832,31,0.9789139866394069,0.0028568405623183935,31,0.011822917043424688,0.0026444479781283633,31,0.35461892903470266,0.1300254413279213,31,0.5385035359826491,0.1410844986935851,31,0.18252316973467414,0.08922360071382053,31,0.10295130120169732,0.043924889458700225,31,ok
scene0707_00,random,1024,42,31,31,0.8835654277955333,0.016962128341593583,31,0.7257054536744921,0.030454524433999052,31,0.15785997412104108,0.03338409584367329,31,0.373104260379001,0.1422896059508741,31,0.5588495402306601,0.15339489081996077,31,0.16952189613796545,0.08430901190125728,31,0.09844619179925611,0.04215821463106485,31,ok
scene0707_00,random,1024,43,31,31,0.887898193251702,0.015711519350854974,31,0.7321128992253929,0.02797071248484949,31,0.15578529402630903,0.03211342031717523,31,0.37247771300067556,0.14192393280260238,31,0.5632687465207261,0.14958642954663756,31,0.17513918289977423,0.09017097828268507,31,0.09768247844711427,0.042372243985833766,31,ok
scene0707_00,random,1024,44,31,31,0.9879445183661676,0.002020035173756891,31,0.9717771261406952,0.004056410088888829,31,0.016167392225472144,0.003739722309367254,31,0.35680545012222853,0.1333236687108797,31,0.5388459934547704,0.14783754697963025,31,0.181881210507311,0.08660153964727915,31,0.10483251920630855,0.04747875097758976,31,ok
scene0707_00,random,1024,45,31,31,0.9880158074440495,0.0019252582621790515,31,0.9713141837477111,0.003907790921193352,31,0.01670162369633845,0.0037946355351451545,31,0.3604982965584184,0.13813481258339536,31,0.5464115571137792,0.14460062389924175,31,0.17593719210200856,0.08233642699206974,31,0.10237573940427072,0.04438693619433891,31,ok
scene0707_00,random,1024,46,31,31,0.987948029272018,0.0019253521347395073,31,0.9717647237130084,0.003881249763669016,31,0.016183305559009632,0.0036409111838515227,31,0.3625346611708287,0.13518038959658332,31,0.5445212652209446,0.14872926427473376,31,0.1800311953623933,0.08850383739537893,31,0.10420993667456412,0.046355702305486655,31,ok
scene0708_00,ablation_iterative,128,0,31,31,0.7329922587640824,0.05678372373442458,31,0.42517425140432674,0.05080968258749259,31,0.3078180073597557,0.06357197558968557,31,0.39084211715793915,0.14301187941912355,31,0.44628126612224117,0.147118423859169,31,0.31006443554058427,0.16944475596994127,31,0.19303315577487792,0.17072570818299587,31,ok
scene0708_00,ablation_iterative,256,0,31,31,0.8227948161863512,0.04077741849199355,31,0.6169830852463928,0.03909917724378013,31,0.20581173093995841,0.04184267292146666,31,0.4023163116304207,0.12839495655494118,31,0.4523386530675838,0.1376079494380559,31,0.3051814152808097,0.18280876937918986,31,0.20292425299844435,0.181899851653351,31,ok
scene0708_00,ablation_iterative,384,0,31,31,0.8606734025862909,0.02942290279232875,31,0.7111626632216574,0.028853877837972924,31,0.14951073936463347,0.033685567686073135,31,0.37723954306658253,0.12786736249692374,31,0.43274721949361905,0.14039978114739968,31,0.3126447593442391,0.17851671836719601,31,0.21637921323699336,0.18054987934706507,31,ok
scene0708_00,ablation_iterative,512,0,31,31,0.8607000977762284,0.028502521283766007,31,0.7180469224019499,0.026692719327203362,31,0.14265317537427857,0.03418897023322369,31,0.371960469305944,0.1267685800388899,31,0.4277470747475435,0.14528199726042298,31,0.3158887423632476,0.16831328196754558,31,0.2156530053865525,0.17699762128345248,31,ok
scene0708_00,ablation_iterative,768,0,31,31,0.8651555142095012,0.025427843329149446,31,0.7312701511456371,0.024950603440315976,31,0.13388536306386417,0.033606692543170905,31,0.37494702594151746,0.13090840396972903,31,0.4234499653312418,0.13960523078349923,31,0.30720402196546037,0.16747796157847636,31,0.21329122084763744,0.17648761200290594,31,ok
scene0708_00,ablation_iterative,1024,0,31,31,0.8609681167910176,0.02624971455574411,31,0.7259830466370556,0.026591739655042117,31,0.13498507015396208,0.03414812458492623,31,0.36758306007788405,0.13958508201771574,31,0.418579837742551,0.1441597936338425,31,0.3079002771451585,0.1653725655231892,31,0.21913654188955983,0.17802245969203856,31,ok
scene0708_00,ablation_once,128,0,31,31,0.847521182029478,0.029745069043513147,31,0.7141304932498496,0.04166199038164892,31,0.13339068877962856,0.03615090945708871,31,0.2626285993773921,0.11534350159545448,31,0.2985575993336485,0.11498646422596467,31,0.4234409923518103,0.1954587571657202,31,0.3099120199199646,0.1988121749168435,31,ok
scene0708_00,ablation_once,256,0,31,31,0.8584515567748777,0.024064235422504247,31,0.7339411762815619,0.028567148014415806,31,0.12451038049331592,0.03251349156744337,31,0.30656006065363334,0.12779303441899506,31,0.3480693205142526,0.12964244254872892,31,0.37050029948384705,0.19583028871942912,31,0.26651503458138437,0.183250466328904,31,ok
scene0708_00,ablation_once,384,0,31,31,0.8418923212635901,0.027325964437663046,31,0.697400911193029,0.031931935976712525,31,0.1444914100705612,0.03657835670478701,31,0.3316960920819864,0.13088500665351455,31,0.37720673399489496,0.13080850952800005,31,0.34707360216484195,0.19000193018434586,31,0.24607710732567695,0.19487939454742337,31,ok
scene0708_00,ablation_once,512,0,31,31,0.8624428856757379,0.023613208888473847,31,0.7296532540754797,0.028075378455962866,31,0.1327896316002583,0.035313984030416544,31,0.3408601543565809,0.1291222221114561,31,0.39094067839673663,0.1408703717718735,31,0.33384713448197495,0.1834955928143864,31,0.22658270285014184,0.172224599313825,31,ok
scene0708_00,ablation_once,768,0,31,31,0.8597484038722131,0.025158536470218294,31,0.7241694351490496,0.027082223552609006,31,0.13557896872316325,0.03520034661002617,31,0.3625871826924192,0.13866889103439284,31,0.4115142322369436,0.14666610461014337,31,0.3152181846801469,0.16784701967273077,31,0.22012676538959627,0.17429477009054353,31,ok
scene0708_00,ablation_once,1024,0,31,31,0.8609681167910176,0.02624971455574411,31,0.7259830466370556,0.026591739655042117,31,0.13498507015396208,0.03414812458492623,31,0.36758306007788405,0.13958508201771574,31,0.418579837742551,0.1441597936338425,31,0.3079002771451585,0.1653725655231892,31,0.21913654188955983,0.17802245969203856,31,ok
scene0708_00,centered_full,1536,0,31,31,0.6433351857046927,0.08414260190286532,31,0.3228013697129293,0.12285488391405586,31,0.3205338159917635,0.09397332775716105,31,0.33822059285746775,0.13305259970312822,31,0.3882673595332514,0.13907047145687176,31,0.34247163154471855,0.185855321956024,31,0.2344653308391571,0.19121097961887965,31,ok
scene0708_00,original,1536,0,31,31,0.97806756342611,0.004216945056895886,31,0.9565136655786677,0.005402550858259077,31,0.021553897847442174,0.0057577759779129075,31,0.33782737110545336,0.11759060401246706,31,0.3974045347712847,0.13552310531881562,31,0.337646165978911,0.17307655517212756,31,0.23788074776530266,0.18628423262982247,31,ok
scene0708_00,pca,128,0,31,31,0.6959582413396528,0.08889267633059339,31,0.37820755206237544,0.14847362799910707,31,0.31775068927727734,0.11013984727417199,31,0.2666507786052762,0.1212902038089755,31,0.32092597299198483,0.13992544901332354,31,0.41009604804204913,0.20621441230728602,31,0.3032854997342633,0.2319586879954155,31,ok
scene0708_00,pca,256,0,31,31,0.6762116964786283,0.08678180987007586,31,0.3551620879539547,0.13752221997590935,31,0.3210496085246736,0.10298464307750271,31,0.30762664125438066,0.12289619201272181,31,0.3589452938202644,0.13174071874802623,31,0.3727036286112029,0.19276208707283332,31,0.2566614136580498,0.2060815938230202,31,ok
scene0708_00,pca,384,0,31,31,0.6665741234056412,0.0859952996533762,31,0.34540500042637984,0.13294514954707615,31,0.3211691229792613,0.1000429406452957,31,0.3234032963744641,0.12462628790856223,31,0.37451915555342813,0.1359990115783296,31,0.35796338542989126,0.1906813116778314,31,0.246481669646117,0.2022656149977077,31,ok
scene0708_00,pca,512,0,31,31,0.6601969561269206,0.08556769677393437,31,0.3392593345514228,0.13038150570715723,31,0.3209376215754979,0.09823611102915918,31,0.329561022621745,0.12517645333446678,31,0.3798041796544714,0.13579836664811745,31,0.3558731621849151,0.19116223318230885,31,0.24608934947079228,0.20469007320500962,31,ok
scene0708_00,pca,768,0,31,31,0.6522332756750046,0.08473693664408417,31,0.33146476092655247,0.12656172165499785,31,0.3207685147484521,0.09609478134256852,31,0.3294918893361865,0.12881274569503914,31,0.38038949961372404,0.14048489823803093,31,0.35291759181065985,0.18957563744256092,31,0.2444856784516765,0.20253032480434247,31,ok
scene0708_00,pca,1024,0,31,31,0.6477372319467606,0.08436194358333407,31,0.3271554462346615,0.12475490790527485,31,0.32058178571209905,0.09507435982315221,31,0.3325232168998765,0.13354029546995222,31,0.3829800272097571,0.14115846331707713,31,0.3489042589981956,0.18606419754807224,31,0.23621348315669644,0.1946913194368906,31,ok
scene0708_00,random,128,42,31,31,0.8963342808908031,0.02867974972000506,31,0.7676453334956429,0.05386102194008639,31,0.12868894739516024,0.04121343794609649,31,0.3060345034963531,0.13548622492565876,31,0.3638913944495808,0.15666631191661046,31,0.3814758526457719,0.21475920105888902,31,0.2755796572854442,0.25130474185944784,31,ok
scene0708_00,random,128,43,31,31,0.8441741524204132,0.03115133713316535,31,0.6945057867172235,0.031171756558385805,31,0.1496683657031895,0.03492164120084239,31,0.2774908089517277,0.12168698380265887,31,0.31969434959307164,0.13581937331721572,31,0.4071200772317651,0.2115475047419085,31,0.2857689874306802,0.23378997012693106,31,ok
scene0708_00,random,128,44,31,31,0.8701099561106774,0.025064859130210324,31,0.738182825893046,0.032101860558900346,31,0.1319271302176317,0.03885835880154514,31,0.2657818378200053,0.1052306161769111,31,0.31189011319506627,0.11234342680576664,31,0.3915628358607195,0.1585994072942635,31,0.2711876923999479,0.1485973013413715,31,ok
scene0708_00,random,128,45,31,31,0.8791634651922411,0.02647061394833468,31,0.7558815828161649,0.03090414030925323,31,0.12328188237607639,0.03591099563727121,31,0.29735467510771796,0.12244869068560137,31,0.34850267358327264,0.14404053639485428,31,0.3799816301802266,0.1856869990239911,31,0.2748047481140783,0.20428427783909137,31,ok
scene0708_00,random,128,46,31,31,0.8330508931990592,0.026642826889928924,31,0.6796272521598373,0.030992056936540564,31,0.15342364103922196,0.0418248761025385,31,0.2885679215359585,0.11324349837030327,31,0.33164894467580075,0.12635139545678117,31,0.3857146341771386,0.18186551570718315,31,0.28263413665756104,0.1828709830494428,31,ok
scene0708_00,random,256,42,31,31,0.8870654682959279,0.02877917128067744,31,0.758978152564263,0.05071086691556557,31,0.12808731573166485,0.03951902319657448,31,0.32782629211103803,0.13410077342588703,31,0.38320331021300735,0.14687225971563886,31,0.3442548485716435,0.18286032557440277,31,0.2512781237882952,0.20262970168305985,31,ok
scene0708_00,random,256,43,31,31,0.9040783816768277,0.018007504601798844,31,0.7993122435293981,0.027318982124615306,31,0.10476613814742948,0.027876815165793684,31,0.3126454313978737,0.13596214473739596,31,0.36641517380403177,0.1371420323147481,31,0.3402478501764125,0.15647369767319239,31,0.23881105117259488,0.18215578375514363,31,ok
scene0708_00,random,256,44,31,31,0.8651928190262087,0.024884441513247025,31,0.7352719532315876,0.03141973243211742,31,0.12992086579462117,0.035499637041003416,31,0.29615052123351143,0.12565734072776183,31,0.34861276856436163,0.13205736380673552,31,0.37597702505798397,0.1650610288437113,31,0.2519143610712021,0.1675991103342984,31,ok
scene0708_00,random,256,45,31,31,0.8958295987498376,0.019964871019856792,31,0.7838803508002178,0.03309216797262521,31,0.11194924794961955,0.03449162100239747,31,0.31910363445786244,0.13114468958780354,31,0.3680267813586236,0.13605825789657466,31,0.3691709583873453,0.1819976575891056,31,0.2537456599454726,0.18877092374410387,31,ok
scene0708_00,random,256,46,31,31,0.840696309843371,0.024439899271107512,31,0.7002233589923962,0.029431454964809447,31,0.14047295085097475,0.03724157718197439,31,0.31305168218097196,0.11904265909600541,31,0.3643107579924804,0.13888643000561146,31,0.3429827331207384,0.16105436106063178,31,0.23980940373674517,0.16099391921824976,31,ok
scene0708_00,random,384,42,31,31,0.873997817116399,0.027551218227976442,31,0.742366650362802,0.04030979141306674,31,0.13163116675359693,0.035922238526787144,31,0.33280800384041953,0.12391663899507174,31,0.389034686445004,0.1419064860780456,31,0.33728179914311796,0.17158471299787098,31,0.2307205515042428,0.1704689000225177,31,ok
scene0708_00,random,384,43,31,31,0.8824973490930372,0.01994256589948667,31,0.761012822178986,0.031001291120673888,31,0.12148452691405118,0.03158651317093566,31,0.3250014107557291,0.13421225816539514,31,0.3785778400332198,0.13373200916481978,31,0.3389399125264952,0.17664274151886505,31,0.23496232734572503,0.1783401825694542,31,ok
scene0708_00,random,384,44,31,31,0.9935278065742985,0.0012437486260531744,31,0.9867569643062768,0.0021658774929780235,31,0.006770842268021597,0.0021679224364068266,31,0.29666958651330555,0.11887013229461796,31,0.3525125293623412,0.13011018778607486,31,0.3822549383875983,0.19055451773019474,31,0.25498992024410155,0.17657261476857222,31,ok
scene0708_00,random,384,45,31,31,0.993636469687185,0.0013225833955086183,31,0.9870755124060557,0.0018121349723215995,31,0.006560957281129107,0.001894122250229774,31,0.30713645600159317,0.11774300545169672,31,0.36213019007659636,0.13620906704264757,31,0.3733675747413562,0.17887188645728214,31,0.25576205743897346,0.1823863319263055,31,ok
scene0708_00,random,384,46,31,31,0.84463160076449,0.02467074693925137,31,0.7153513082370718,0.026689523452179776,31,0.1292802925274181,0.03411613112489057,31,0.3206990482572005,0.12084787414584552,31,0.3725235385092844,0.1273601106561735,31,0.3473941070653175,0.1656802286266205,31,0.24265252089788836,0.17214256514006984,31,ok
scene0708_00,random,512,42,31,31,0.8660462325619113,0.028122157193798535,31,0.7341784234657159,0.04048258543420801,31,0.1318678090961954,0.03500910546454328,31,0.343651145255121,0.12881709165923494,31,0.3989252052337258,0.1418081912960374,31,0.3284013476758892,0.16236466245665132,31,0.22513753512213308,0.1724230427914764,31,ok
scene0708_00,random,512,43,31,31,0.8867493733283012,0.02144066074737367,31,0.7704887280043401,0.034339213073095225,31,0.1162606453239612,0.031192086647090545,31,0.3226756181650206,0.1375956348484431,31,0.3757886570987413,0.14044685461968287,31,0.3364387238819651,0.17500339090996347,31,0.23688170145596227,0.17123339846477334,31,ok
scene0708_00,random,512,44,31,31,0.9917584792260201,0.0016085618684644344,31,0.983420694680896,0.0024989707115528692,31,0.00833778454512401,0.0025549825892411055,31,0.31010837639926225,0.12577821858280774,31,0.36744118462839553,0.14485786046048382,31,0.3605271199675152,0.1818262935616509,31,0.25158930858296735,0.1819103098952719,31,ok
scene0708_00,random,512,45,31,31,0.9917444509844626,0.0016956681397284766,31,0.9836648201454684,0.0020706030434798927,31,0.008079630838994219,0.0022255562916477373,31,0.3190646684114336,0.11130102082804419,31,0.37406276343591716,0.1313188015032951,31,0.3716885264779708,0.18854013744996728,31,0.24765248644736507,0.17993396638480852,31,ok
scene0708_00,random,512,46,31,31,0.8566016304877496,0.02527234350964678,31,0.7274876771590306,0.030599246497831797,31,0.12911395332871897,0.03333703080886086,31,0.3305112654643994,0.11893107461775626,31,0.386466401921852,0.12914591068963177,31,0.3371326735865606,0.16414750497462732,31,0.2344993004395116,0.1683158770545594,31,ok
scene0708_00,random,768,42,31,31,0.8548253120914582,0.028367992716122895,31,0.7169134729447149,0.03688743688414602,31,0.13791183914674324,0.036172519963650625,31,0.33833123190879194,0.1329501406253618,31,0.3946163869309383,0.14756368991003502,31,0.33383712353502054,0.17615735939170418,31,0.23437941843463528,0.1867440871542815,31,ok
scene0708_00,random,768,43,31,31,0.8859549722363872,0.022878115652696027,31,0.7690216101411295,0.036215828717532754,31,0.11693336209525766,0.03162527334780295,31,0.33970006473257225,0.12829798941993958,31,0.3967895541713268,0.13114066721287246,31,0.3250498792984376,0.16030576516331493,31,0.21694696105776295,0.15535164399964882,31,ok
scene0708_00,random,768,44,31,31,0.9878816604614258,0.002318774305754697,31,0.9756258258625702,0.003755133982809105,31,0.012255834598855425,0.0037364185393676938,31,0.32245993220300634,0.11715853488421142,31,0.3763198762029746,0.12949365492194653,31,0.35151189492696683,0.17912076019540288,31,0.24244887826423492,0.17336042187126863,31,ok
scene0708_00,random,768,45,31,31,0.9878528733407298,0.002442702973061118,31,0.975970921649337,0.0031396288394317665,31,0.01188195169139279,0.003223469912339182,31,0.32648195650961204,0.11876052490216012,31,0.3841790647450512,0.13369544803546496,31,0.3431716395929922,0.1840135333602471,31,0.2458724458852122,0.18907410249723455,31,ok
scene0708_00,random,768,46,31,31,0.9879746129435878,0.002303419831361272,31,0.9769415250380461,0.0026386610103529503,31,0.011033087905541738,0.003009206736162321,31,0.3295584807875193,0.12720837328731507,31,0.3858176090222146,0.13752691445819873,31,0.35465398422357913,0.18313550706322107,31,0.2428093408384631,0.18144628136885338,31,ok
scene0708_00,random,1024,42,31,31,0.8645002553539891,0.024518307470614998,31,0.7291680567203013,0.03182329498131041,31,0.1353321986336877,0.03524567849448481,31,0.35317360892184146,0.13267404458375243,31,0.4072436454752647,0.14355219780850756,31,0.3165042947155026,0.1636563655664469,31,0.2263453283136891,0.18481491752217075,31,ok
scene0708_00,random,1024,43,31,31,0.8786974126292814,0.02348028992869678,31,0.756213982392329,0.036541273771774005,31,0.12248343023695242,0.033738912352750595,31,0.3425312054989414,0.12811707052279778,31,0.3955758755226341,0.13433200395100828,31,0.324854801405846,0.1632634149996242,31,0.229096683283006,0.17562843444904236,31,ok
scene0708_00,random,1024,44,31,31,0.9844358986423861,0.002981255362081182,31,0.9691938387027922,0.00421581535918194,31,0.015242059939593973,0.004311223426299214,31,0.3279844453211782,0.12304880035853297,31,0.38425287204735964,0.1380688174772601,31,0.3438923408470877,0.1777105052873623,31,0.24483612179756165,0.1822322612568632,31,ok
scene0708_00,random,1024,45,31,31,0.9846144395489846,0.003033632338172527,31,0.9693623288922342,0.003742966590671943,31,0.015252110656750587,0.003983375589811886,31,0.3310555528926462,0.11504007182128097,31,0.3892398108555497,0.12915323919712132,31,0.34751589236265945,0.1853429894577934,31,0.2400527697417044,0.1809174892791468,31,ok
scene0708_00,random,1024,46,31,31,0.9844577120196435,0.00302817296545034,31,0.9696442979516718,0.00371907152020534,31,0.014813414067971636,0.004039794043235287,31,0.3275638575279984,0.13443843572345618,31,0.38623536534373104,0.14841396831710166,31,0.3486093669976176,0.17583178326286963,31,0.24316995783198264,0.17865407765804164,31,ok
scene0709_00,ablation_iterative,128,0,31,31,0.8123683102669255,0.030026568241563894,31,0.5452308040527328,0.07912587255159392,31,0.26713750621419274,0.07977765860391908,31,0.3470332655687167,0.136219358940371,31,0.5091055149266712,0.1756129916023549,31,0.2131310294196853,0.12748521531690374,31,0.14775007927129347,0.1856853919525434,31,ok
scene0709_00,ablation_iterative,256,0,31,31,0.8441586763628067,0.025565804421620333,31,0.6186990078133425,0.07473342099063392,31,0.22545966854946428,0.06806259051177149,31,0.363181892968637,0.13388233445017828,31,0.5290842737644916,0.16835244978932176,31,0.1964843205242949,0.11087041265144601,31,0.11581865073211732,0.09078503943921594,31,ok
scene0709_00,ablation_iterative,384,0,31,31,0.8472730555842,0.023594169811173567,31,0.6250659533825748,0.06998642876556711,31,0.22220710220162515,0.06507462830069655,31,0.3745461161006489,0.1336037101384741,31,0.5442881386754218,0.1651100189052124,31,0.19296823897090565,0.10691138525219174,31,0.11224178393040934,0.08458091752029806,31,ok
scene0709_00,ablation_iterative,512,0,31,31,0.8574238707942348,0.02031615769864763,31,0.6546152545211087,0.05960183953740643,31,0.20280861627312605,0.058882228931698435,31,0.36942249686344736,0.13082470248364902,31,0.5368320660519905,0.17067585258777618,31,0.1951950798570812,0.11118508548522177,31,0.1162421310380582,0.08745348727966235,31,ok
scene0709_00,ablation_iterative,768,0,31,31,0.8731771938262447,0.019067943100910076,31,0.6783450013365777,0.06079161213143659,31,0.19483219248966702,0.05729571366269972,31,0.3625248075845488,0.13244857030142648,31,0.5295145313638134,0.1705121627700272,31,0.19567389560902435,0.1085596819068134,31,0.11897845842665242,0.08958587952275227,31,ok
scene0709_00,ablation_iterative,1024,0,31,31,0.8677196656503985,0.020155535492705327,31,0.665218230537009,0.06846813996732598,31,0.20250143511338942,0.06218922215443398,31,0.36083026272364965,0.13583713519216808,31,0.525107978976731,0.16834169197188262,31,0.19609413377185603,0.10596800346377132,31,0.11731394560587022,0.08907525038490956,31,ok
scene0709_00,ablation_once,128,0,31,31,0.8302030140353788,0.028932506518146696,31,0.6189204056909138,0.08516606012676008,31,0.211282608344465,0.07236919266304791,31,0.2652147627712489,0.11439866705005927,31,0.396456372729061,0.1448049034570439,31,0.26456887187102746,0.12019380017584709,31,0.17644449515688804,0.12460206402502669,31,ok
scene0709_00,ablation_once,256,0,31,31,0.8374861997942771,0.023807672015428993,31,0.6361797546944362,0.06925440653659397,31,0.20130644509984083,0.0614880351528256,31,0.3077702539870328,0.12703339625822285,31,0.45304320943683657,0.16068193968010328,31,0.2283837276147617,0.11733988795431718,31,0.14776786909468712,0.10388292017216331,31,ok
scene0709_00,ablation_once,384,0,31,31,0.8481762082346024,0.020896844413039798,31,0.6467853904478882,0.06819842296788639,31,0.20139081778671444,0.06186150970799209,31,0.33769111355793985,0.13391663401588944,31,0.48953633388430406,0.16915661414441083,31,0.20989738850308107,0.11037988592661489,31,0.1311723384405336,0.09105432219843818,31,ok
scene0709_00,ablation_once,512,0,31,31,0.8487578861175045,0.023762092804023315,31,0.626436681120285,0.08356918967659306,31,0.22232120499721944,0.07420928057908661,31,0.3491750841838791,0.13420373511134845,31,0.5021775012643145,0.1694361220886582,31,0.20208545907703077,0.10476408524553664,31,0.12381506975620024,0.08328947655079677,31,ok
scene0709_00,ablation_once,768,0,31,31,0.8463155627250671,0.021956035742021887,31,0.6236913107622469,0.07456198211583005,31,0.2226242519628202,0.06882281413231695,31,0.3564517724088176,0.13424655919397152,31,0.517277291631039,0.17281176629295247,31,0.19865156427861863,0.10547137670261038,31,0.11926427832053553,0.08425808170464776,31,ok
scene0709_00,ablation_once,1024,0,31,31,0.8677196656503985,0.020155535492705327,31,0.665218230537009,0.06846813996732598,31,0.20250143511338942,0.06218922215443398,31,0.36083026272364965,0.13583713519216808,31,0.525107978976731,0.16834169197188262,31,0.19609413377185603,0.10596800346377132,31,0.11731394560587022,0.08907525038490956,31,ok
scene0709_00,centered_full,1536,0,31,31,0.6521860505304029,0.08153693075997336,31,0.22139337586315558,0.14337584035607356,31,0.4307926746672473,0.1220942820217383,31,0.3451529356204579,0.13147515262107543,31,0.49749243495869594,0.16574985234605466,31,0.2152910526464029,0.11125904667628558,31,0.12779528503456422,0.0959997601332215,31,ok
scene0709_00,original,1536,0,31,31,0.9808276776344546,0.002640429259860879,31,0.952118697679786,0.008451297615806154,31,0.028708979954668635,0.00884885515208376,31,0.3543006795338139,0.1321884062077291,31,0.507694691489912,0.1754793363382919,31,0.21004749262186656,0.1115926426139587,31,0.1251234341292612,0.09048977993378389,31,ok
scene0709_00,pca,128,0,31,31,0.700859546661377,0.08082431510056816,31,0.24890342274513336,0.159698165862907,31,0.4519561239162436,0.13467162603380783,31,0.3092926461366029,0.11860367354174965,31,0.44865736925858246,0.15524079895731852,31,0.2398449839030787,0.11234149040753842,31,0.14802675153459272,0.10161203408894845,31,ok
scene0709_00,pca,256,0,31,31,0.6822801616884047,0.08066326586502227,31,0.23636957944696296,0.1520038992191031,31,0.44591058224144176,0.12942026135350615,31,0.32538242391535854,0.1248982055214829,31,0.47094135834676265,0.16125674669254417,31,0.22829647935868286,0.11295612340198247,31,0.13989033429853379,0.10101402900019352,31,ok
scene0709_00,pca,384,0,31,31,0.6732371757107396,0.08092359232770437,31,0.2314272384453605,0.14922042062295196,31,0.44180993726537904,0.12725818711093304,31,0.3314629544626203,0.12792075619087384,31,0.48177428840709396,0.1642810321697896,31,0.22357159465369617,0.1117189772341457,31,0.13439596420334232,0.09831147863596089,31,ok
scene0709_00,pca,512,0,31,31,0.6675519097235895,0.0811117863586182,31,0.2285082167844066,0.14745438990199589,31,0.43904369293918294,0.12585004734313715,31,0.3357005428120001,0.1276350840171371,31,0.4852884817948672,0.16277007915104988,31,0.22115975043110406,0.1115599087525106,31,0.1336871589864454,0.09909333355855135,31,ok
scene0709_00,pca,768,0,31,31,0.6605533515253375,0.08134679364759982,31,0.2250974067010579,0.14555343851963956,31,0.4354559448242797,0.12415911582889567,31,0.3414673386828887,0.12950038572775288,31,0.4930787115295521,0.1649905009975912,31,0.2165650697235379,0.10999749295713426,31,0.13029341940437594,0.0958400065509725,31,ok
scene0709_00,pca,1024,0,31,31,0.6563188385578894,0.08147001048768711,31,0.22318418564401263,0.14442501149237622,31,0.4331346529138768,0.12310926759321746,31,0.34305531253863264,0.1309430286080049,31,0.49420152494540603,0.16564633416621996,31,0.2165193404247985,0.1102933450202405,31,0.12914357298324186,0.09566741922148139,31,ok
scene0709_00,random,128,42,31,31,0.870945397884615,0.02424021848557609,31,0.6417075365097812,0.08086818358417673,31,0.22923786137483387,0.07082268115607686,31,0.3194039663766469,0.13035495835702016,31,0.48032506072996417,0.15985155469724205,31,0.22679078587021462,0.12479535606096757,31,0.13853450696314534,0.10053494405053716,31,ok
scene0709_00,random,128,43,31,31,0.8517621428735794,0.02113096764980287,31,0.6487749478519492,0.05408679679668957,31,0.20298719502163018,0.05999417260579144,31,0.30503383125815325,0.12224123724981364,31,0.4527994959821271,0.15351475967351083,31,0.2438434047938428,0.11456640161055744,31,0.14346792416707163,0.09438170855483398,31,ok
scene0709_00,random,128,44,31,31,0.8973353505134583,0.01892634487809077,31,0.7291990652042177,0.06701688593360654,31,0.16813628530924057,0.06505555681966321,31,0.2954509196630547,0.11420559108171074,31,0.4306233311916818,0.1537954862475202,31,0.2501969337053841,0.1143049458623644,31,0.15504589652822864,0.09590329766067483,31,ok
scene0709_00,random,128,45,31,31,0.890722478589704,0.025147012263612833,31,0.746106773064394,0.03402921759260228,31,0.14461570552531006,0.041468219116406364,31,0.29927849327973727,0.12977866625684847,31,0.443593028041464,0.16735026643913667,31,0.25000071668657253,0.1266495615110545,31,0.16032975972179445,0.12448183108295086,31,ok
scene0709_00,random,128,46,31,31,0.8446406029885815,0.019950561542567292,31,0.6616769072157956,0.04637605017834177,31,0.18296369577278584,0.05167482241301115,31,0.31271461926240796,0.12749763152940374,31,0.4661375184961782,0.15552562067357587,31,0.23315316541872408,0.10938708316167005,31,0.13632307177589786,0.08231543456848092,31,ok
scene0709_00,random,256,42,31,31,0.8615862861756356,0.024536308637459422,31,0.6318167413647225,0.08087007962362484,31,0.22976954481091302,0.07188522978814581,31,0.3416769137846963,0.13302349184105602,31,0.5034427248675187,0.17320328716286287,31,0.20493387771446686,0.10612553665432149,31,0.1247665713871679,0.0857932143525833,31,ok
scene0709_00,random,256,43,31,31,0.9068230332866791,0.01519112877980599,31,0.7496003975480419,0.055219885574875366,31,0.15722263573863735,0.05288282100706421,31,0.3364382334626092,0.13331078606763858,31,0.4922357263225343,0.1678387405647809,31,0.21536588892395242,0.11340288365474309,31,0.12661349905594702,0.0903719020892495,31,ok
scene0709_00,random,256,44,31,31,0.8851809732375606,0.01798021163180111,31,0.711353995318548,0.0627262826288157,31,0.17382697791901258,0.06042716372252517,31,0.32666615745913624,0.125792507708339,31,0.47972451001961364,0.1707278683636971,31,0.2261029091595938,0.12185694485083014,31,0.13670775823054776,0.10260601182468117,31,ok
scene0709_00,random,256,45,31,31,0.896638899080215,0.017890826914786096,31,0.7276273343891105,0.05832432156911672,31,0.16901156469110443,0.056884478336095674,31,0.3240868946285507,0.1420199259577983,31,0.4708750042634159,0.17975157092457836,31,0.222544935377139,0.11707607132636537,31,0.1405061431709797,0.09962051209446798,31,ok
scene0709_00,random,256,46,31,31,0.8629383906241386,0.019980521777906924,31,0.6947204686284932,0.04237700166029413,31,0.16821792199564542,0.04738327350184543,31,0.3307571354612757,0.13279079935806723,31,0.4868453387357809,0.16673603064224043,31,0.22055430903222226,0.11637357885323274,31,0.13344760779892245,0.09747974534935193,31,ok
scene0709_00,random,384,42,31,31,0.8610242509072826,0.02143894168022095,31,0.6536549480806194,0.06517716401514947,31,0.2073693028266631,0.06150220789857549,31,0.3441742744549623,0.1324143342187899,31,0.5103000029587759,0.17587568295574216,31,0.20724906286052763,0.10753956591385935,31,0.1252554031389375,0.08804939110266671,31,ok
scene0709_00,random,384,43,31,31,0.8867036008065746,0.017426944259490942,31,0.7127271218589869,0.054893372884761926,31,0.17397647894758764,0.0548711220099796,31,0.3467523529463226,0.12634636366962734,31,0.5006082824944456,0.1664984006325474,31,0.20789481726357822,0.09769240723342959,31,0.12109169279856066,0.07847384878959479,31,ok
scene0709_00,random,384,44,31,31,0.9943957636433263,0.0008709940543870334,31,0.9849078903950456,0.003362884938878381,31,0.00948787324828067,0.0035036188644060706,31,0.3313569974559837,0.1251871219228978,31,0.47931211791046774,0.17175707005307547,31,0.22652398126897214,0.11649423073099832,31,0.13626209454190347,0.09645237131617794,31,ok
scene0709_00,random,384,45,31,31,0.994453945467549,0.0009288004898894552,31,0.9854692421724481,0.0031070000676001225,31,0.008984703295100822,0.0031810307135276394,31,0.336411238047843,0.13678628678921084,31,0.47771201387821033,0.17298624696738474,31,0.22567607116226238,0.11646523239541193,31,0.1366195363863822,0.1019084409961395,31,ok
scene0709_00,random,384,46,31,31,0.8614662539574408,0.017715090085051934,31,0.6863149422322437,0.05525816564875677,31,0.17515131172519707,0.055661536380536884,31,0.3334894419454925,0.12976079879788857,31,0.4842971477361684,0.16680605056019338,31,0.2215277741456441,0.1176212601291555,31,0.13144096768190783,0.09517571955862443,31,ok
scene0709_00,random,512,42,31,31,0.8548653298808683,0.02075960381211852,31,0.6500691921452701,0.06479682093746904,31,0.204796137735598,0.061473740124652225,31,0.3460469888650542,0.13096422987042178,31,0.5101805134397591,0.16624115300516706,31,0.20188903595034305,0.10389592938993217,31,0.12277455988430208,0.08492836561344108,31,ok
scene0709_00,random,512,43,31,31,0.882188533582995,0.01884913025695878,31,0.6993086163814998,0.06313805882329848,31,0.18287991720149546,0.06026969285104693,31,0.35156315653349757,0.13466670431600886,31,0.5033907128343728,0.1771436441449368,31,0.20664414877229118,0.11026068988851762,31,0.123688988627926,0.08904697554033873,31,ok
scene0709_00,random,512,44,31,31,0.9929077433001611,0.0010631480494371934,31,0.9815412036036684,0.003735681343791432,31,0.011366539696492676,0.003913577079954895,31,0.3392140107098355,0.13204108749209195,31,0.4912841408682369,0.17877439290197103,31,0.2224749394405427,0.11609268938673509,31,0.13104877080167493,0.09364013205005715,31,ok
scene0709_00,random,512,45,31,31,0.9928483789966952,0.0011089249742021125,31,0.9819287136595407,0.003596781714726296,31,0.010919665337154464,0.003728690084356208,31,0.34185720586378016,0.1352058086516926,31,0.48943789765797463,0.1735283911533705,31,0.21986371099536992,0.11566983549689307,31,0.13566812596494152,0.10465480974725713,31,ok
scene0709_00,random,512,46,31,31,0.8618636150513926,0.018639021655992908,31,0.6734906706888533,0.05777859896910318,31,0.18837294436253915,0.055753266344376655,31,0.3415431097395472,0.13251431664152624,31,0.49984457996127474,0.1609629494674502,31,0.2130825905892359,0.11201438174551527,31,0.12574854144646275,0.08846907645281901,31,ok
scene0709_00,random,768,42,31,31,0.8519515529755624,0.02006189298027062,31,0.6484655185285859,0.0630812318259273,31,0.20348603444697627,0.06119295386523245,31,0.3533334382265719,0.13221174105145359,31,0.5144404405243165,0.16655268735924628,31,0.20415661383358988,0.10707173348100257,31,0.12307981209408853,0.0879505524744349,31,ok
scene0709_00,random,768,43,31,31,0.8792609091727964,0.019864963611023866,31,0.6858630769979895,0.0698935959866078,31,0.19339783217480686,0.0637129536242615,31,0.3462260714318112,0.1331498056583938,31,0.501100757547896,0.17714534330826778,31,0.21013097912281253,0.11068245514643726,31,0.12770920367010177,0.09860744637450657,31,ok
scene0709_00,random,768,44,31,31,0.9895770453637646,0.0015317632105347305,31,0.9734258032657237,0.005300380466030036,31,0.016151242098040766,0.005542686786650549,31,0.3449757880847882,0.1316877298731903,31,0.49659708031026223,0.17539983718377647,31,0.21690275014545235,0.11102446203127377,31,0.12750201119530585,0.086067795178336,31,ok
scene0709_00,random,768,45,31,31,0.9894870846502243,0.00151051404790308,31,0.9736819087267186,0.004934210486774753,31,0.015805175923505804,0.005208112169562357,31,0.35336080590148783,0.12990014409958828,31,0.5025512139470503,0.17088438080723942,31,0.21392525053977607,0.11292957893312536,31,0.13127688594883488,0.10227121789188572,31,ok
scene0709_00,random,768,46,31,31,0.9896865467871389,0.0013514521584206368,31,0.9754246763091028,0.003947338154551055,31,0.014261870478036284,0.0041439314725029526,31,0.3475935686284081,0.12641253015887258,31,0.5075524481844335,0.16261480511252818,31,0.21425061533043543,0.10898934416173328,31,0.1257317632196411,0.09382792751841011,31,ok
scene0709_00,random,1024,42,31,31,0.8721670200747829,0.017810114047963815,31,0.6861100024411937,0.0519037446963307,31,0.18605701763358906,0.053268647606692296,31,0.3535884226290061,0.13652862405648988,31,0.5187292712750423,0.17234406787809564,31,0.2040400165441808,0.11185317577565322,31,0.12477736944152464,0.0921499872091448,31,ok
scene0709_00,random,1024,43,31,31,0.8740004320298472,0.020233854924892842,31,0.6758576179137838,0.07025215989708311,31,0.19814281411606322,0.06460938008372373,31,0.35070605232485996,0.12801663723834422,31,0.5112667586987285,0.16870521439669364,31,0.20343889460783865,0.10762542466968873,31,0.12414421850154476,0.09348130272197609,31,ok
scene0709_00,random,1024,44,31,31,0.9865755996396465,0.00185281945614389,31,0.9668172146439189,0.006065027908084207,31,0.0197583849957275,0.006414167376423593,31,0.3509294923834581,0.12750386348018491,31,0.5062752482364669,0.1743407778916352,31,0.21265095957048516,0.11361440086604499,31,0.12635675337045424,0.09128993159541814,31,ok
scene0709_00,random,1024,45,31,31,0.9865691161924793,0.0019197219992980975,31,0.9661572532720133,0.005972539685683316,31,0.020411862920465876,0.006296195831926531,31,0.3515254364353781,0.1311671674171037,31,0.5056102621871609,0.16940410272636158,31,0.21050492416116157,0.111574738874712,31,0.13031584541163138,0.09980737655293627,31,ok
scene0709_00,random,1024,46,31,31,0.9865206037798235,0.0018213076900524877,31,0.9666400211576561,0.00585043122824261,31,0.019880582622167357,0.0061165892618684865,31,0.34415273518313405,0.12737673474504868,31,0.5018624883373372,0.1720597371602731,31,0.21557407105687956,0.11043436122174577,31,0.12555229291319847,0.0915217823977214,31,ok
scene0710_00,ablation_iterative,128,0,31,31,0.8410365312330185,0.03589663505168775,31,0.7010459847643099,0.031547189427669674,30,0.14421749836264824,0.04581588257705654,30,0.23234958540005501,0.14326950831494298,31,0.41800546561409985,0.21611211455249082,31,0.2913472477157033,0.2090405542593057,31,0.22298533517506816,0.21580893873554724,31,ok
scene0710_00,ablation_iterative,256,0,31,31,0.812631651278465,0.04769995995762084,31,0.6525514681899781,0.04151785678907519,30,0.16636980575678403,0.052349026791811415,30,0.2531606918175465,0.1498492047740787,31,0.44339178406629626,0.2195240390229897,31,0.26303833350535005,0.16022393293091342,31,0.19097640870078916,0.16257229559174857,31,ok
scene0710_00,ablation_iterative,384,0,31,31,0.8071092617127203,0.044331135080082594,31,0.6432753710786172,0.04648453163985225,30,0.169304463382595,0.05501611000885479,30,0.25240832766894455,0.14170983641130955,31,0.44787102450647737,0.21307561943398542,31,0.2524958607872257,0.14720779533502448,31,0.1853501916893067,0.14686036920919274,31,ok
scene0710_00,ablation_iterative,512,0,31,31,0.8142001532739208,0.040638788289699065,31,0.6355437355430932,0.055921249171600455,30,0.18337359257618477,0.06063547658531856,30,0.2633942732255686,0.14341482714849027,31,0.45983542616287504,0.21884605471329088,31,0.24169944990625652,0.13632192816008087,31,0.16978775745918673,0.1397288518980729,31,ok
scene0710_00,ablation_iterative,768,0,31,31,0.8063915006576046,0.046626504363219884,31,0.610770001131163,0.059327975832779,30,0.2014986553610703,0.06663056491119694,30,0.2619660608489323,0.1468845377759328,31,0.4614774856315891,0.2248999192823142,31,0.24677814264552697,0.14865698004156308,31,0.17611206503164384,0.15295754766363648,31,ok
scene0710_00,ablation_iterative,1024,0,31,31,0.822324272124998,0.03965585850693296,31,0.6449434285825205,0.06117746051809063,30,0.18219010378264264,0.063947132413891,30,0.25030285054645435,0.13393481389750042,31,0.4416880889080815,0.21402351368292477,31,0.2578995972948215,0.15408382668642126,31,0.18647611718023976,0.16475250659592947,31,ok
scene0710_00,ablation_once,128,0,31,31,0.8133203348805828,0.0402586526719333,31,0.6447070960251603,0.09979908157980935,30,0.17239681442100657,0.08579247506730638,30,0.15917702712479623,0.08553055783477242,31,0.2983010364964854,0.1649617561886737,31,0.33712505525599784,0.14711260589295508,31,0.25964933393463013,0.1516378312233175,31,ok
scene0710_00,ablation_once,256,0,31,31,0.7898686816615443,0.043589930857763984,31,0.6093741104591821,0.08634756776288056,30,0.18514575505366584,0.07971982552939279,30,0.19054583257510593,0.11600756054265056,31,0.347082933665067,0.1891276136479966,31,0.3100208523090301,0.16638508382411005,31,0.23907430457972711,0.1761384718976402,31,ok
scene0710_00,ablation_once,384,0,31,31,0.7965410351753235,0.04283011172718747,31,0.6037867378275537,0.08253806222728806,30,0.19717105516980646,0.0820825633006792,30,0.2103970198557882,0.12312234319133086,31,0.3824583375683106,0.2027394078368204,31,0.2900521183418276,0.16720567831413546,31,0.2230348605061731,0.17875201962824794,31,ok
scene0710_00,ablation_once,512,0,31,31,0.8123692735548942,0.04026467410851601,31,0.6232862905679202,0.0728774547042491,30,0.19354904730935332,0.0740809460937792,30,0.22606543473952012,0.12944752497774187,31,0.4070229775200338,0.20573621427457814,31,0.289991918193984,0.20312154832278148,31,0.22862686481206648,0.2215100393210891,31,ok
scene0710_00,ablation_once,768,0,31,31,0.812470595682821,0.04068392688434204,31,0.6267562765675782,0.06862065164777563,30,0.19047044924914852,0.07072428818658658,30,0.24172817356301124,0.13432189372430875,31,0.42871035021621445,0.21369147439270011,31,0.2765189220770931,0.1927357912732695,31,0.20838591228089026,0.2063919119384152,31,ok
scene0710_00,ablation_once,1024,0,31,31,0.822324272124998,0.03965585850693296,31,0.6449434285825205,0.06117746051809063,30,0.18219010378264264,0.063947132413891,30,0.25030285054645435,0.13393481389750042,31,0.4416880889080815,0.21402351368292477,31,0.2578995972948215,0.15408382668642126,31,0.18647611718023976,0.16475250659592947,31,ok
scene0710_00,centered_full,1536,0,31,31,0.5863952982810235,0.09927145332416985,31,0.1984167825719177,0.10958249900556587,30,0.39977753345763095,0.13081617155123126,30,0.24320315518931848,0.14014044615155244,31,0.4354263251174058,0.20293642513416177,31,0.2604143725989891,0.14501100733685496,31,0.18356365470155592,0.14184200323371152,31,ok
scene0710_00,original,1536,0,31,31,0.9752859530910369,0.0051718114991555365,31,0.949173796168174,0.010518344062771728,30,0.026652914294396205,0.01020071354817774,30,0.2429108549258237,0.13658626463324472,31,0.42087388844433743,0.21227519483609103,31,0.2802353117647659,0.1997468501949039,31,0.20818473999538728,0.2084888067763376,31,ok
scene0710_00,pca,128,0,31,31,0.6373506938257525,0.1020521046708755,31,0.21421030295318674,0.12685699728837768,30,0.43577867018752975,0.14481855962778753,30,0.19387938186081813,0.12176080650891088,31,0.36422391876134563,0.18471668313365422,31,0.2942746392865162,0.14290184601436465,31,0.21879878327731164,0.15490712770381224,31,ok
scene0710_00,pca,256,0,31,31,0.617483260170106,0.10217812525830985,31,0.20758254114661454,0.11871716633216,30,0.42246720210836497,0.1385822966625251,30,0.2211615624839683,0.12837713547518761,31,0.40818190265836285,0.19511407454219168,31,0.2774391121874406,0.14424045364386415,31,0.19515682708832524,0.14202938011715543,31,ok
scene0710_00,pca,384,0,31,31,0.6090774742826339,0.10093919461208345,31,0.20548731517238533,0.11609890329499939,30,0.4158757176851917,0.13633799590775525,30,0.23031968583665766,0.13251761876102494,31,0.4183519257514527,0.198856747827823,31,0.27006639530357424,0.14507856018011353,31,0.19074213985473878,0.1425766539039406,31,ok
scene0710_00,pca,512,0,31,31,0.6030405466595004,0.10050484164709006,31,0.20360328004346334,0.11422396639825838,30,0.41160672559752026,0.13478968935472138,30,0.23470074099384083,0.13470985234575913,31,0.4225231186862558,0.1980178395572076,31,0.26792338347090733,0.14361955462871465,31,0.18842923472965917,0.1400814082486701,31,ok
scene0710_00,pca,768,0,31,31,0.595352961171058,0.09990094442199654,31,0.20101500471593808,0.1120204844789607,30,0.40635126610436173,0.1329153514726871,30,0.23906613781111882,0.13656544905547027,31,0.42741924196273173,0.19997535848785084,31,0.26519589481342754,0.14436785685272785,31,0.18866188427613628,0.1411904896401146,31,ok
scene0710_00,pca,1024,0,31,31,0.5907782292173754,0.09951548542683371,31,0.19952849170608464,0.11074754167119728,30,0.40314737239437165,0.13185667187992503,30,0.2417060929914691,0.13839792891536878,31,0.4325575395193546,0.20231591813026076,31,0.2625113511611522,0.14577861097180447,31,0.18523689683887265,0.14216215710026503,31,ok
scene0710_00,random,128,42,31,31,0.8370991310765666,0.04635828718598693,31,0.6418454074048973,0.0615616364321216,30,0.20074960756461038,0.0631937133520251,30,0.2295471168109766,0.13275819749765558,31,0.3980642385241611,0.2072896937781554,31,0.2898647034024138,0.17922082709941853,31,0.20863412176409074,0.1892528255717042,31,ok
scene0710_00,random,128,43,31,31,0.8275280806326097,0.04197745454046502,31,0.6849132705928633,0.051371275992313205,30,0.14794288384897014,0.05043517560358075,30,0.18831604119579695,0.12070057721316607,31,0.3427981459089172,0.20101367829289843,31,0.3273137062663347,0.20032254679648823,31,0.26871941382846526,0.2221597480949455,31,ok
scene0710_00,random,128,44,31,31,0.872499946625002,0.030384959074327717,31,0.7069885655565538,0.09693683938723532,30,0.1667051211671554,0.08569700685696491,30,0.17356826412326237,0.10222890696609717,31,0.32004780292290036,0.17993247340604943,31,0.34743966044970115,0.18157092383209353,31,0.2846986668244485,0.20876290443947565,31,ok
scene0710_00,random,128,45,31,31,0.8716917422509962,0.03405962581653469,31,0.7289588256557362,0.06679108441661787,30,0.1465134437998556,0.05975981598731282,30,0.18630375629281495,0.12552876446355468,31,0.3326926993744332,0.20034799108006085,31,0.3279126457834818,0.17867280832938204,31,0.2618887698458087,0.18787957119200338,31,ok
scene0710_00,random,128,46,31,31,0.7994530681640871,0.04179362061987627,31,0.6449139435088945,0.04883511999334086,30,0.1592192154133009,0.052740400235986334,30,0.18810833844493538,0.11189923154767932,31,0.3425825780147663,0.1946526943979183,31,0.3197685257253215,0.16521648096661445,31,0.2584516532238453,0.18028403682821095,31,ok
scene0710_00,random,256,42,31,31,0.8179065738954852,0.04631683566058645,31,0.6047268654396356,0.07128264701490283,30,0.2181213850289365,0.06944282448009702,30,0.23166658636984833,0.13913497892291202,31,0.40803616315603236,0.22497614462074814,31,0.2728281244534386,0.14356896278726555,31,0.2031554612180879,0.15537826021312756,31,ok
scene0710_00,random,256,43,31,31,0.8828319791824587,0.03095941638060021,31,0.7565776471626378,0.04733006827481103,30,0.13063925262971568,0.047609359468223304,30,0.20475930573840248,0.11814565747835741,31,0.37331559782698365,0.20052009492451547,31,0.28748836886036216,0.14933204293095373,31,0.22072558417435614,0.1627544431584264,31,ok
scene0710_00,random,256,44,31,31,0.8603639160433123,0.030480045846255816,31,0.7005232630762668,0.08376506825091747,30,0.16239595824547484,0.07500491677403731,30,0.2004327810714856,0.12117926330223766,31,0.3659428434015019,0.19432334590580702,31,0.30600651039327703,0.17895771703071792,31,0.2348457591668252,0.1950958404083903,31,ok
scene0710_00,random,256,45,31,31,0.8620984823473038,0.0373295231526147,31,0.6964743109077177,0.06717598802466437,30,0.17069997275571389,0.06599628331185114,30,0.2048125911382105,0.12720139214335366,31,0.36259869172541914,0.21071657030302846,31,0.3199123254842966,0.19555872998758234,31,0.25105315170461134,0.21731981196412778,31,ok
scene0710_00,random,256,46,31,31,0.8222776305290961,0.03787122868403485,31,0.675649319812767,0.052759503828105694,30,0.1515690875797348,0.05353878530079419,30,0.20603334327021067,0.12194079182296014,31,0.376171816340271,0.20394206840428106,31,0.29295977672133994,0.14766196505068085,31,0.21914888485785453,0.14700200800011368,31,ok
scene0710_00,random,384,42,31,31,0.8237952532306794,0.042398375326101884,31,0.6380402990657613,0.06096024825235537,30,0.19077010666543973,0.06307054600918943,30,0.23829722987537016,0.14307781155692678,31,0.41571758924012464,0.22015469983720126,31,0.27007974076728125,0.14810871117551686,31,0.20069462325303786,0.15643361230717695,31,ok
scene0710_00,random,384,43,31,31,0.8567620342777621,0.033630116034249015,31,0.7110686365961166,0.04833277582455433,30,0.1502933478157588,0.05203821327167425,30,0.2176412081574519,0.13028181214291193,31,0.3903162454967677,0.2106507100210586,31,0.28063296508015373,0.1538320360680526,31,0.20964416020339535,0.1633456990907482,31,ok
scene0710_00,random,384,44,31,31,0.9925365274952304,0.0017923245461164332,31,0.9831377570680717,0.004650905515311109,30,0.009582896545336594,0.004465978658820108,30,0.21108364532335155,0.12154986028660617,31,0.36782233092140626,0.19538078252438523,31,0.30623028818086906,0.19554106144486427,31,0.23042670192737733,0.2041732543018129,31,ok
scene0710_00,random,384,45,31,31,0.9925370447097286,0.0016068415738116776,31,0.9832207175323389,0.004339471763967824,30,0.009459450619516604,0.004133774754318271,30,0.20077863464590467,0.12210309559464178,31,0.3650000581443899,0.20108237844934265,31,0.3122285682669545,0.18869667621218322,31,0.24518825402182917,0.20810488305402997,31,ok
scene0710_00,random,384,46,31,31,0.8239471047155319,0.03209877322702828,31,0.6683261337312927,0.06769439116100959,30,0.15798590556453979,0.06188204015788207,30,0.20801226307779003,0.12444267462427208,31,0.3793513206693203,0.20066211749409196,31,0.28523954608020796,0.14379617647159937,31,0.21794049057268328,0.14909461433238286,31,ok
scene0710_00,random,512,42,31,31,0.8173671960830688,0.043934574601271606,31,0.6370144150318693,0.056960909023158104,30,0.18599581105887983,0.05999039012686006,30,0.24227426910388866,0.14772399772942885,31,0.4220420236775672,0.22306676566352704,31,0.26828077002186207,0.15211603651527006,31,0.19923009254759358,0.15875314209237212,31,ok
scene0710_00,random,512,43,31,31,0.8543355157298427,0.03404658884614465,31,0.7032230675911583,0.05124424592281072,30,0.15560684594554924,0.054131978729770096,30,0.22647431465185855,0.13258540643385677,31,0.40273147594475034,0.20925994077644103,31,0.2786275113038134,0.15014180738075164,31,0.20697091075201188,0.1623031159061435,31,ok
scene0710_00,random,512,44,31,31,0.9906680103271238,0.002206170190170978,31,0.9798831920702604,0.005048913533656995,30,0.011016513816580528,0.0048634297444186715,30,0.22364496035951126,0.12767476469783348,31,0.3930710253366011,0.203447998713409,31,0.2921597480591073,0.19700079505496587,31,0.22222974055236386,0.20771921428366855,31,ok
scene0710_00,random,512,45,31,31,0.9905062279393596,0.002072386032405396,31,0.9794825746044347,0.005014534881188958,30,0.011226265288906285,0.004736683569121013,30,0.21177828568456059,0.12934869870718574,31,0.3810753641557371,0.21167408441243843,31,0.2917857213972039,0.17511003675268821,31,0.22173380250892333,0.18592797124383004,31,ok
scene0710_00,random,512,46,31,31,0.8251241983905915,0.03508710581787625,31,0.6627651635103834,0.06449374805394356,30,0.16602418389981866,0.06269675308451485,30,0.2175204152122181,0.13071695732817387,31,0.39475721553769594,0.20653276957434413,31,0.2779365803585193,0.14878649902252775,31,0.2193010438594126,0.16095255678623113,31,ok
scene0710_00,random,768,42,31,31,0.8146473111644867,0.03958158307054179,31,0.6349890378409886,0.06106395357739195,30,0.18419308192588268,0.06347838621891502,30,0.2523521149004526,0.14635964985755184,31,0.4346151768905176,0.21837674511501712,31,0.2671282250919951,0.16588348239710898,31,0.1911221920482574,0.16675244107580348,31,ok
scene0710_00,random,768,43,31,31,0.8530243654404918,0.03317481027996062,31,0.6941722125221951,0.06267965054831232,30,0.1625054806063907,0.06186458047491194,30,0.2303156364470509,0.13580508987157539,31,0.40558481596742113,0.21117620005756052,31,0.2727686420285434,0.14967129556737366,31,0.20585137305240478,0.16106806164116316,31,ok
scene0710_00,random,768,44,31,31,0.9861492668428729,0.0030025971697359745,31,0.9705524204960078,0.006699234193924005,30,0.01590132924014231,0.006525865580897624,30,0.2270181232822831,0.13151417227274295,31,0.39815404642114244,0.2094607532909769,31,0.29213851411550606,0.2009464872091995,31,0.2217077406183366,0.21176887128716487,31,ok
scene0710_00,random,768,45,31,31,0.9862002192005035,0.0029357425718702338,31,0.9709016943872297,0.0064593109917411,30,0.015600841750669085,0.006171753746057403,30,0.22513183860687755,0.1307356936108875,31,0.39570795542165016,0.2121281343884703,31,0.28977901868016925,0.1991279210701638,31,0.21988165666980128,0.20831405524755015,31,ok
scene0710_00,random,768,46,31,31,0.9867680034329814,0.002724131392573587,31,0.9740231217099592,0.005456901602298149,30,0.013015494629406469,0.005215749945455843,30,0.22963346462615067,0.12978919006852768,31,0.4037185906200769,0.20618923574840775,31,0.28541317514803083,0.19398056122658064,31,0.21786305716922205,0.2013678725957565,31,ok
scene0710_00,random,1024,42,31,31,0.8348153387346575,0.03571639923106993,31,0.6676202488968983,0.05853565744409038,30,0.1714210020472394,0.06100956913340001,30,0.25259508786606516,0.14499325361320922,31,0.43549483267762207,0.22007414989087348,31,0.26419751850358514,0.1585681582722214,31,0.19244774995792296,0.16590525568412667,31,ok
scene0710_00,random,1024,43,31,31,0.8414966925497978,0.03549126573761627,31,0.6684108843965918,0.06868469484014728,30,0.17711339289311656,0.06875660422007548,30,0.22998743936424754,0.13859684170950215,31,0.41019344232481,0.216348968277603,31,0.27205745535024567,0.15441585968987423,31,0.20634563279248053,0.1680280162626042,31,ok
scene0710_00,random,1024,44,31,31,0.9824909087150328,0.0036862764370575794,31,0.9638743710644242,0.007685755199809049,30,0.018987002757470166,0.007467045352370141,30,0.22869574673426923,0.1383247559106367,31,0.40796236556839066,0.21075342144630765,31,0.287607124404656,0.19825120227493,31,0.21098870351429908,0.20535073096179798,31,ok
scene0710_00,random,1024,45,31,31,0.9825612537322506,0.0036643204480568833,31,0.963655816818669,0.007781157817343871,30,0.01928641070386321,0.007484892674158047,30,0.23630744250001137,0.13264554441520024,31,0.41009805904345575,0.21427996107013533,31,0.2829337594179554,0.2021209842791773,31,0.21640337955567143,0.20798892553441978,31,ok
scene0710_00,random,1024,46,31,31,0.9825777719097752,0.0037985404703545812,31,0.9644996983478702,0.008025436300307255,30,0.018493814997848287,0.007665292126303143,30,0.23411454771671306,0.13419092957392706,31,0.4081164948947516,0.20945473921234486,31,0.28565639357735584,0.19435367932030267,31,0.21223830503802146,0.20655635927286803,31,ok
scene0711_00,ablation_iterative,128,0,31,20,0.6506712183356285,0.09226708480553437,20,0.43055081534987183,0.09352896386216838,20,0.2201204029857567,0.09873611548013739,20,0.16136133327891203,0.1108246757490602,20,0.31225388765286455,0.20391490894792366,20,0.3525353673878389,0.20890945992880547,20,0.25906037762761114,0.21425994231107434,20,ok
scene0711_00,ablation_iterative,256,0,31,20,0.6623301595449448,0.08785887388315024,20,0.45238149113656734,0.09130409054687356,20,0.20994866840837734,0.1000759515013708,20,0.18522982481921896,0.13115390550272585,20,0.33006153734852534,0.21479437110342534,20,0.34134161435342014,0.2149726976645853,20,0.25427041873335837,0.22771085152610787,20,ok
scene0711_00,ablation_iterative,384,0,31,20,0.6772818863391876,0.08130057832598903,20,0.48005219974497093,0.0827137220365657,20,0.19722968659421664,0.10050005161855705,20,0.18291103327282127,0.12467333975802293,20,0.33823784412143876,0.21718417706612922,20,0.33789020854164675,0.21294582466539777,20,0.2540567025542259,0.22350171267486024,20,ok
scene0711_00,ablation_iterative,512,0,31,20,0.730629563331604,0.07453595824285321,20,0.5659973992722448,0.0723992049215709,20,0.1646321640593591,0.08460312654738765,20,0.17751239528585802,0.12139767611701333,20,0.31968254613702396,0.21088541776224745,20,0.33990661410585055,0.21614270046718684,20,0.2771988000720739,0.24702467768562444,20,ok
scene0711_00,ablation_iterative,768,0,31,20,0.7973974108695984,0.06410890482338791,20,0.6642240843314633,0.07907383187863258,20,0.13317332653813507,0.08088519420182462,20,0.15680477504976947,0.11449083865931568,20,0.306398461895378,0.1991907270142986,20,0.36058584511694486,0.22593614013140703,20,0.292477210611105,0.2670712860486271,20,ok
scene0711_00,ablation_iterative,1024,0,31,20,0.8044264674186706,0.05942238403529093,20,0.6519567661042878,0.09527150349177659,20,0.1524697013143829,0.10225971563408655,20,0.1557075200309641,0.12144887302228172,20,0.3015346588066145,0.2071494536462503,20,0.3619346059573686,0.22354038492421308,20,0.29224543645977974,0.26051429662086334,20,ok
scene0711_00,ablation_once,128,0,31,20,0.7514102309942245,0.06208530129668124,20,0.5537107039821414,0.1360637987672901,20,0.19769952701208304,0.14801086572207378,20,0.0946489869406399,0.08182596725015498,20,0.1960306091832355,0.1636999197530221,20,0.4360631014797545,0.18388750905358314,20,0.3847127739340067,0.21456375756123172,20,ok
scene0711_00,ablation_once,256,0,31,20,0.7611920446157455,0.05890075873234168,20,0.5843146678639733,0.11360178704468753,20,0.17687737675177212,0.125223249920974,20,0.12280859443221374,0.09138969302769978,20,0.24625985164706496,0.17443551191855497,20,0.40015876493526104,0.19020769184070319,20,0.34126971252262595,0.22158644985537346,20,ok
scene0711_00,ablation_once,384,0,31,20,0.7634846687316894,0.06700480981253101,20,0.5969865483580663,0.10371407758103783,20,0.166498120373623,0.11237415619066676,20,0.13110954877393327,0.09882762454111345,20,0.2665667826591578,0.17973960408883308,20,0.389019895525694,0.2169893608808558,20,0.33609241545200347,0.25637204579695205,20,ok
scene0711_00,ablation_once,512,0,31,20,0.787553894519806,0.06691950417423034,20,0.6301990586454372,0.10758870084786466,20,0.15735483587436871,0.1091802772382276,20,0.13397292937751165,0.10326395359702176,20,0.2761579346452705,0.18259238590158317,20,0.3807268868725631,0.22167625855752965,20,0.325610563904047,0.25885829100502983,20,ok
scene0711_00,ablation_once,768,0,31,20,0.7949504971504211,0.06369271774252992,20,0.6418738166851313,0.09790347096398386,20,0.15307668046528974,0.1013626876469257,20,0.14546776587774907,0.11880235796792696,20,0.2930608560610332,0.1962193741990974,20,0.3671270283171314,0.2315076687470338,20,0.30093933530151845,0.2636524435835578,20,ok
scene0711_00,ablation_once,1024,0,31,20,0.8044264674186706,0.05942238403529093,20,0.6519567661042878,0.09527150349177659,20,0.1524697013143829,0.10225971563408655,20,0.1557075200309641,0.12144887302228172,20,0.3015346588066145,0.2071494536462503,20,0.3619346059573686,0.22354038492421308,20,0.29224543645977974,0.26051429662086334,20,ok
scene0711_00,centered_full,1536,0,31,20,0.5468854263424874,0.10493994257745791,20,0.2559819820024015,0.12897195876894235,20,0.29090344434008586,0.17110543870410197,20,0.13928302557174652,0.11697748833736916,20,0.2638799287420664,0.19515440405967793,20,0.3850646122202107,0.18268200368272855,20,0.3394378986209631,0.223071123847016,20,ok
scene0711_00,original,1536,0,31,20,0.9733653634786605,0.009168937282633365,20,0.9525124944209716,0.01531854478469857,20,0.020852869057689148,0.015229171634772906,20,0.14618688524347778,0.11276657337371922,20,0.2908855051378977,0.19387821108011224,20,0.37677432198875593,0.2222398683350145,20,0.3147430673241615,0.2687778341538321,20,ok
scene0711_00,pca,128,0,31,20,0.5993801191449165,0.10408624386367409,20,0.2831811095613559,0.14955162054922735,20,0.3161990095835606,0.1901258595902976,20,0.12592867160797738,0.10710109154828451,20,0.2330957844118075,0.17281748418901388,20,0.40600380282133114,0.1805973765680358,20,0.3635453641414642,0.22648182559772786,20,ok
scene0711_00,pca,256,0,31,20,0.5774080976843834,0.10473337445620405,20,0.2707300295637288,0.13945009954503487,20,0.30667806812065457,0.18155811599220173,20,0.1322341767157896,0.11425811232890971,20,0.2475357344994205,0.1816697213333728,20,0.3944623479580426,0.17964156738322834,20,0.350144812092185,0.2255867067112377,20,ok
scene0711_00,pca,384,0,31,20,0.5685026466846466,0.10468222296282714,20,0.26645880109668785,0.13626352862523752,20,0.30204384558795877,0.17810766956246812,20,0.13901746419365715,0.11121368566010217,20,0.2577107308453149,0.18359023262921406,20,0.39227702951776944,0.181613454436724,20,0.34842088967561724,0.22928418549208146,20,ok
scene0711_00,pca,512,0,31,20,0.5624047547578812,0.10497462049220505,20,0.2634166562704866,0.13393717288461437,20,0.2989880984873946,0.176138053573852,20,0.13683590048885302,0.11464324994330997,20,0.2597754635664672,0.1904452831161992,20,0.3891561756325553,0.1819456580954502,20,0.3417119137942791,0.2172083263346222,20,ok
scene0711_00,pca,768,0,31,20,0.5554011568427086,0.10494791878074176,20,0.26001087144532176,0.1315951066984276,20,0.2953902853973868,0.173714330345219,20,0.13811103222115595,0.11428629881765606,20,0.262850434431685,0.19439829898691954,20,0.3860965765041157,0.18209363013372873,20,0.3407417103648186,0.22188554649052955,20,ok
scene0711_00,pca,1024,0,31,20,0.5511615604162217,0.10490857101052087,20,0.2580250249435624,0.13029017082040284,20,0.2931365354726591,0.17246008137646862,20,0.13854141330172262,0.1160038528536905,20,0.26363680217992147,0.1953207969123673,20,0.3863891335377331,0.18360678466394037,20,0.3399116422981024,0.22238584186764282,20,ok
scene0711_00,random,128,42,31,20,0.8246736645698547,0.059324112675808977,20,0.6463481062682697,0.1165694741163744,20,0.17832555830158506,0.1213765686886317,20,0.1355752845879174,0.10987985979365114,20,0.26018551872580553,0.18941686996223406,20,0.3810482755812498,0.2023031980302504,20,0.30657657124102117,0.22393193871511546,20,ok
scene0711_00,random,128,43,31,20,0.8044815093278885,0.07666794562251618,20,0.6811155533677551,0.08533790672872439,20,0.12336595596013322,0.07996438074016261,20,0.13211239422089588,0.0990995746743358,20,0.2483857339903675,0.17851032752945567,20,0.38975451949489465,0.18942817999935865,20,0.32761288061738014,0.22899250499416593,20,ok
scene0711_00,random,128,44,31,20,0.8484019964933396,0.057089620575734426,20,0.7350466485541677,0.08440908813183284,20,0.11335534793917187,0.07825121872440478,20,0.11107862804487349,0.09000904266767165,20,0.22001075702724146,0.15588135863016384,20,0.41547965005464266,0.21796916626102494,20,0.3550415489822626,0.23258577852157655,20,ok
scene0711_00,random,128,45,31,20,0.8569384902715683,0.051171954909796806,20,0.7509756311005199,0.06971651167120199,20,0.10596285917104846,0.07425693519833032,20,0.12595727461290274,0.09646021252551154,20,0.2409638959195061,0.1667014118904849,20,0.4050382340379686,0.2143942542408364,20,0.3603153731673956,0.2710780658616372,20,ok
scene0711_00,random,128,46,31,20,0.8093794047832489,0.05748956199430103,20,0.6970279173699311,0.07136766667730768,20,0.11235148741331777,0.06351355236337232,20,0.1374059309536964,0.105650634628641,20,0.2609638646145024,0.18388801325433154,20,0.382655213951078,0.1974077434688981,20,0.3112239334732294,0.23434168028051702,20,ok
scene0711_00,random,256,42,31,20,0.8079488307237626,0.06507450824603259,20,0.6241785034365063,0.12300513554977247,20,0.18377032728725623,0.13128321603266746,20,0.14505478586235887,0.11461405707795731,20,0.2687962380234825,0.19608983405130395,20,0.37901301584471186,0.21896415463243657,20,0.3059173297137022,0.23021975109716442,20,ok
scene0711_00,random,256,43,31,20,0.8672214448451996,0.044527677990109794,20,0.7502231713637915,0.07949045639087245,20,0.11699827348140816,0.0880879711307368,20,0.1422231625831902,0.10163412130574183,20,0.2651227432253135,0.18381038777058323,20,0.38283555088643234,0.21641171019316977,20,0.3344068303704262,0.25459211020702793,20,ok
scene0711_00,random,256,44,31,20,0.8358318120241165,0.059119823158765336,20,0.717127785298775,0.0828392054129001,20,0.1187040267253416,0.08078198825034827,20,0.12992948800760878,0.09977622206443684,20,0.2533822273159666,0.16747196648638557,20,0.40341480731325285,0.2260204050165172,20,0.3441682394593954,0.2541210680843046,20,ok
scene0711_00,random,256,45,31,20,0.8508586525917053,0.059047949255091,20,0.7160087589868992,0.09994201657204158,20,0.13484989360480615,0.10798538427975489,20,0.12624644693677636,0.10629093397237534,20,0.24678290414098053,0.18817106104005052,20,0.4045006677940681,0.2142652228644296,20,0.3750505603849888,0.27364409199379724,20,ok
scene0711_00,random,256,46,31,20,0.8283915549516678,0.051399148838705194,20,0.715494493610789,0.07223014728622226,20,0.11289706134087889,0.07160541239472795,20,0.1549368454710422,0.10773343591731464,20,0.28650387649750747,0.187534396988865,20,0.3629923712355779,0.19520333007319055,20,0.28421365804970267,0.22073529274285744,20,ok
scene0711_00,random,384,42,31,20,0.8075736463069916,0.06359062866072643,20,0.648349021599683,0.10192233558397946,20,0.15922462470730864,0.11054180193975159,20,0.15092719370706767,0.11113539738202724,20,0.2851883680004247,0.19224739552659245,20,0.38295488414926127,0.23053029202169148,20,0.34508825056254866,0.2684652655123311,20,ok
scene0711_00,random,384,43,31,20,0.843735185265541,0.04750808576194065,20,0.7112375906308281,0.08542051730862234,20,0.13249759463471295,0.0962256531371993,20,0.14088613655098325,0.11107119658621084,20,0.2640654581723603,0.19354834489522194,20,0.38034455556824287,0.21413823256957423,20,0.3160337332636118,0.23241030807744076,20,ok
scene0711_00,random,384,44,31,20,0.9920561939477921,0.003117586220105086,20,0.9851388791869011,0.005765784197812979,20,0.006917314760890974,0.005734571650843589,20,0.13297963958222697,0.10335130100948568,20,0.257283221019604,0.1735020562666827,20,0.39852509729800756,0.229811610595805,20,0.3421161651611328,0.25792890341810276,20,ok
scene0711_00,random,384,45,31,20,0.9920392274856568,0.003075257110162304,20,0.9850669903579575,0.0056012766275930995,20,0.006972237127699066,0.005719197393104456,20,0.13804013904395657,0.09941498032524429,20,0.2525989130808436,0.1757501793445228,20,0.4125345319626387,0.22576972264916276,20,0.37626883424818514,0.27720546652776834,20,ok
scene0711_00,random,384,46,31,20,0.8152231574058533,0.06213351299131332,20,0.7027722751354912,0.07627314972688486,20,0.11245088227036196,0.07280416164841066,20,0.14618715649673972,0.09845136929141168,20,0.27544327950198116,0.18331880804556655,20,0.375931046223538,0.20173401331858828,20,0.31317773796617987,0.24501216427389666,20,ok
scene0711_00,random,512,42,31,20,0.7997653424739838,0.07102309452636596,20,0.6458432912447873,0.1037420853944083,20,0.1539220512291965,0.10609660861241381,20,0.14494294577154163,0.11045319145668714,20,0.2847328551838312,0.1949636379048437,20,0.3786180958869692,0.2308648363023337,20,0.3251799259334803,0.26323478731952826,20,ok
scene0711_00,random,512,43,31,20,0.836982262134552,0.05220561359856408,20,0.6967616285573983,0.09170997986881914,20,0.1402206335771537,0.1024756030013495,20,0.1383211505538114,0.10446377920865506,20,0.268265863486158,0.18373466888201553,20,0.3693540070279263,0.19571111573110664,20,0.29575053676962854,0.22032456475967097,20,ok
scene0711_00,random,512,44,31,20,0.9899775892496109,0.00386753517855384,20,0.9817995915186758,0.006591102653270631,20,0.008177997730935038,0.006427374934148817,20,0.14343445293304782,0.1142454902809071,20,0.2763541511658384,0.18726642589711878,20,0.38714673116362897,0.2338983059979592,20,0.3258650477975607,0.26534601005582725,20,ok
scene0711_00,random,512,45,31,20,0.9898778289556504,0.0037365576663359935,20,0.9815633163105348,0.0064154784399483725,20,0.008314512645115507,0.00649060483812538,20,0.13021412194465856,0.10702414608295967,20,0.2578664762314664,0.1831205951517449,20,0.407209542543194,0.2261793844683553,20,0.3541878882795572,0.2566933542606698,20,ok
scene0711_00,random,512,46,31,20,0.818666297197342,0.05997357614607949,20,0.6977055347983171,0.08066938961395972,20,0.12096076239902472,0.08015610296241961,20,0.15152811625268825,0.10478569606101147,20,0.2761069289270208,0.18635467239993883,20,0.38058992236084305,0.21826287999959365,20,0.3123621422797441,0.2588283901599044,20,ok
scene0711_00,random,768,42,31,20,0.7990638047456742,0.0640628561259765,20,0.6575369710180123,0.08930115285147663,20,0.14152683372766175,0.09168024697625846,20,0.1458370512366439,0.10965537998513734,20,0.291504712927912,0.19586843814581845,20,0.3739440679353733,0.22328762195511576,20,0.31042958535254,0.2595170779041271,20,ok
scene0711_00,random,768,43,31,20,0.834436497092247,0.052849130444296614,20,0.6952189906711982,0.09430872518959504,20,0.1392175064210488,0.10089960860624318,20,0.1385119300571644,0.10730818731338515,20,0.26680503417492635,0.1898135174780541,20,0.37441963791084604,0.21412374563353104,20,0.3150479391217232,0.24971491053080425,20,ok
scene0711_00,random,768,44,31,20,0.9850262731313706,0.005799436671574888,20,0.972524536243732,0.01033611201993913,20,0.012501736887638625,0.010177051677684148,20,0.14338753117377595,0.10806942961524743,20,0.27888802668011875,0.19183552972739656,20,0.38871893634592836,0.2333845841900492,20,0.3412487249821424,0.2731726556389497,20,ok
scene0711_00,random,768,45,31,20,0.9851547062397004,0.005408905656276943,20,0.9729293202720021,0.009388770684152118,20,0.012225385967698427,0.009431944749041693,20,0.13678824977360868,0.10177540684657842,20,0.27130831195411276,0.18138902061666828,20,0.3952821960078356,0.23015061644316828,20,0.3374793976545334,0.25837395589634465,20,ok
scene0711_00,random,768,46,31,20,0.9859938651323319,0.004669924009408432,20,0.9766906042479464,0.006636087429777259,20,0.009303260884385389,0.00618243300076689,20,0.14847620694637043,0.10525438231134421,20,0.2839407002886887,0.18393923025045728,20,0.3772509152149225,0.21782591108176053,20,0.312057538703084,0.25654771161031287,20,ok
scene0711_00,random,1024,42,31,20,0.8266371726989746,0.05320367310712815,20,0.6990636972566289,0.07834762348316582,20,0.12757347544234557,0.08409492736160684,20,0.1521892603124277,0.11779079029977324,20,0.2963592652832456,0.20219360764401192,20,0.3738269165925684,0.22645977392483913,20,0.312062518671155,0.27365855478955303,20,ok
scene0711_00,random,1024,43,31,20,0.8249987900257111,0.05804819187176683,20,0.6821945474840686,0.09456622561076683,20,0.1428042425416424,0.10133227177019631,20,0.14012077747860102,0.11044028769467666,20,0.27829830006384465,0.19325185057473385,20,0.3763921849029147,0.2121630835326471,20,0.3196401510387659,0.26009798571892395,20,ok
scene0711_00,random,1024,44,31,20,0.981163164973259,0.0068570680958314695,20,0.9663864829677566,0.011588158200223532,20,0.014776682005502407,0.011394094420413236,20,0.14462063563228772,0.11403149456695214,20,0.2770026856030221,0.19774444162853386,20,0.38184357442953715,0.2313946004061404,20,0.3274840846657753,0.2715623835605637,20,ok
scene0711_00,random,1024,45,31,20,0.9811316192150116,0.006779746859096645,20,0.9659715304285926,0.011178922859004393,20,0.015160088786419001,0.011152188493791166,20,0.14068402185646744,0.10038493436081185,20,0.27648157100583654,0.18633737722123672,20,0.38008842255088543,0.2225744035644786,20,0.3096287302672863,0.2574350510959669,20,ok
scene0711_00,random,1024,46,31,20,0.9814231097698212,0.006462657545878018,20,0.9678875233818054,0.009869055860088285,20,0.013535586388015625,0.00961775909942497,20,0.1408038890077151,0.11456629365021118,20,0.2775921001627015,0.19674998541105884,20,0.381597634810258,0.22417925453921056,20,0.31916523315012457,0.2637317009640193,20,ok
