method,dimensions,repeats,scenes,positive_similarity,positive_similarity_seed_std,positive_similarity_scene_std,positive_similarity_scene_count,negative_similarity,negative_similarity_seed_std,negative_similarity_scene_std,negative_similarity_scene_count,similarity_gap,similarity_gap_seed_std,similarity_gap_scene_std,similarity_gap_scene_count,retrieval_voxel_hit,retrieval_voxel_hit_seed_std,retrieval_voxel_hit_scene_std,retrieval_voxel_hit_scene_count,retrieval_hit_distance,retrieval_hit_distance_seed_std,retrieval_hit_distance_scene_std,retrieval_hit_distance_scene_count,retrieval_world_error_mean,retrieval_world_error_mean_seed_std,retrieval_world_error_mean_scene_std,retrieval_world_error_mean_scene_count,retrieval_world_error_median,retrieval_world_error_median_seed_std,retrieval_world_error_median_scene_std,retrieval_world_error_median_scene_count
ablation_iterative,128,1,5,0.7612472637334177,0.0,0.06643468038985065,5,0.5087961080356707,0.0,0.10570431493900648,5,0.25329654607653496,0.0,0.06576199267927275,5,0.3045304413978773,0.0,0.09214342243376081,5,0.4533678292842923,0.0,0.0901774113940029,5,0.26778243745373287,0.0,0.06590748858053505,5,0.18327903446170593,0.0,0.05783639011270129,5
ablation_iterative,256,1,5,0.7870487827062607,0.0,0.0644794125647739,5,0.5647323368843749,0.0,0.08080842656023818,5,0.22357437035554523,0.0,0.04752956325815433,5,0.32207559643254224,0.0,0.08801135839229401,5,0.4695681328298368,0.0,0.08855841021394249,5,0.2541692165673477,0.0,0.0657179813180554,5,0.17094968119455922,0.0,0.059725733793375854,5
ablation_iterative,384,1,5,0.798317136110798,0.0,0.06482697868340914,5,0.5924669050143051,0.0,0.08765156732486341,5,0.20694434564619124,0.0,0.05110284110821494,5,0.31826132261149503,0.0,0.08566032488699254,5,0.4711785332632202,0.0,0.0892386566265952,5,0.25184728964338043,0.0,0.06696057863050821,5,0.1710581820530276,0.0,0.06265462453170612,5
ablation_iterative,512,1,5,0.8187102575455942,0.0,0.04729006077056835,5,0.6315517909353335,0.0,0.0540930221574366,5,0.1881019015793322,0.0,0.03557805530696802,5,0.31587690582709044,0.0,0.08307589613206032,5,0.4671019371294217,0.0,0.09343394369600481,5,0.2512014682100657,0.0,0.06782868131383393,5,0.17392120506253933,0.0,0.06734015971625329,5
ablation_iterative,768,1,5,0.8412236192918593,0.0,0.032392538019025696,5,0.6711736308148106,0.0,0.03836644956182994,5,0.17122541964397447,0.0,0.03091524658098361,5,0.3103950962791186,0.0,0.08955706827653327,5,0.46199150260512817,0.0,0.09634851075156523,5,0.2546463180159052,0.0,0.072008456250691,5,0.1782156146437891,0.0,0.07147427429456935,5
ablation_iterative,1024,1,5,0.8471100967161117,0.0,0.028782464968213236,5,0.6804132831632057,0.0,0.033169536796202,5,0.16765866560093912,0.0,0.023348382547895064,5,0.30035339412913764,0.0,0.08496165001683259,5,0.4493059654490289,0.0,0.09028117728895178,5,0.25909937857496274,0.0,0.0701026522525848,5,0.18283742925813123,0.0,0.07017191260811334,5
ablation_once,128,1,5,0.8174923405531913,0.0,0.03522668478316649,5,0.6398491605463796,0.0,0.05325247866130436,5,0.1783998951199285,0.0,0.026521626229723892,5,0.20436607422435085,0.0,0.06701977365166045,5,0.3164999764905333,0.0,0.07407415740498056,5,0.34208491749462894,0.0,0.07759732068904768,5,0.25702924276311556,0.0,0.08500298541554091,5
ablation_once,256,1,5,0.8228599509308415,0.0,0.040858475451109516,5,0.6528994955492606,0.0,0.05608807451248804,5,0.17089069215184152,0.0,0.025820894220477803,5,0.2427172099731362,0.0,0.07385472653829325,5,0.3711752900797288,0.0,0.07945421700032637,5,0.3038201708509171,0.0,0.07516876139174852,5,0.22350532051776684,0.0,0.07977259790254854,5
ablation_once,384,1,5,0.8235721738876836,0.0,0.03804031421087455,5,0.6484834425517663,0.0,0.04346032255715146,5,0.1759720829003245,0.0,0.02101603016025635,5,0.2660919076927079,0.0,0.08199020230426009,5,0.4034288220820466,0.0,0.08586817220596203,5,0.28716015807776457,0.0,0.07427260674341007,5,0.20988974279934358,0.0,0.08121519638794432,5
ablation_once,512,1,5,0.8356333158862206,0.0,0.030758411579340946,5,0.6599987481532781,0.0,0.04275358984396394,5,0.17652778059741836,0.0,0.030552898452529616,5,0.2768143768135395,0.0,0.08436476369243381,5,0.4201441844279891,0.0,0.0887246791646405,5,0.27778626176193644,0.0,0.07581641842777702,5,0.20238193894105577,0.0,0.07959641480889716,5
ablation_once,768,1,5,0.8364200342855146,0.0,0.02818494441756637,5,0.6615715526992079,0.0,0.03960120211141817,5,0.17579970761308783,0.0,0.030146013029201713,5,0.29207826724600844,0.0,0.08602200429165813,5,0.43987196561738695,0.0,0.08982039137874831,5,0.2657627896803742,0.0,0.07247579646305793,5,0.18982520129171113,0.0,0.07291503077636356,5
ablation_once,1024,1,5,0.8471100967161117,0.0,0.028782464968213236,5,0.6804132831632057,0.0,0.033169536796202,5,0.16765866560093912,0.0,0.023348382547895064,5,0.30035339412913764,0.0,0.08496165001683259,5,0.4493059654490289,0.0,0.09028117728895178,5,0.25909937857496274,0.0,0.0701026522525848,5,0.18283742925813123,0.0,0.07017191260811334,5
centered_full,1536,1,5,0.6106620848851818,0.0,0.039089212193748085,5,0.2343371301365801,0.0,0.05196764799676107,5,0.3786847582983069,0.0,0.06250937816459967,5,0.2862672136993721,0.0,0.08473445023969187,5,0.4269988022738268,0.0,0.09824443547664338,5,0.2772397120421183,0.0,0.0760149869099617,5,0.19736529798036623,0.0,0.08458053629078327,5
original,1536,1,5,0.9780751080090001,0.0,0.0034680570072216253,5,0.953940748049722,0.0,0.003587320195178666,5,0.02424251143358469,0.0,0.003003847134663581,5,0.2891161904824421,0.0,0.08348223623735228,5,0.4343300426951139,0.0,0.09166706445020946,5,0.27604771124506994,0.0,0.07538771341677014,5,0.19736653407254529,0.0,0.07753761915155268,5
pca,128,1,5,0.6620757558557295,0.0,0.03850186953552773,5,0.26489389121877,0.0,0.063583679608892,5,0.3997095204999523,0.0,0.0688107882205109,5,0.2425108175273829,0.0,0.07282614088216034,5,0.3706818162424203,0.0,0.09049055335662347,5,0.31300308269367466,0.0,0.08176023833917437,5,0.23026648511329,0.0,0.09237589441100628,5
pca,256,1,5,0.6419163162189145,0.0,0.039414907164924816,5,0.2513678991335689,0.0,0.05904925042495097,5,0.3930617137023204,0.0,0.06648770566400922,5,0.2663041144990147,0.0,0.0792737949488018,5,0.40154711037653046,0.0,0.09479930226612114,5,0.29386367411020486,0.0,0.07797505712310561,5,0.2095384413268297,0.0,0.08695059198131083,5
pca,384,1,5,0.6328589433431626,0.0,0.039170524799540606,5,0.24624626375145367,0.0,0.056906031784526356,5,0.3890697913066975,0.0,0.06537021147380169,5,0.275591874957139,0.0,0.08027362791429732,5,0.4130084830693043,0.0,0.09452924621204122,5,0.28728421783819236,0.0,0.07661689785097957,5,0.20504329828004683,0.0,0.08653710521663689,5
pca,512,1,5,0.6268015237777463,0.0,0.03920130322378374,5,0.24287869376626584,0.0,0.055612122260517594,5,0.38635672180777725,0.0,0.06469783490223073,5,0.2787972305862079,0.0,0.08253190101633233,5,0.4170300516132146,0.0,0.09526766558329923,5,0.28469298149838085,0.0,0.07666379533842096,5,0.20269554695775432,0.0,0.08485528724078191,5
pca,768,1,5,0.6193772959805305,0.0,0.039090191285978154,5,0.23879994239201924,0.0,0.05393408915544697,5,0.3829800155183596,0.0,0.06373597386145308,5,0.28215268270138977,0.0,0.08347430090141747,5,0.4218994497516568,0.0,0.09742473845702448,5,0.2815656034963562,0.0,0.07673789329265185,5,0.2012559707703129,0.0,0.08526645691264369,5
pca,1024,1,5,0.6149686279989058,0.0,0.03907110329144182,5,0.23650737170935612,0.0,0.053013470565294415,5,0.3808407832661658,0.0,0.06314667535519296,5,0.2840886733939383,0.0,0.08400966886345462,5,0.4242545894497164,0.0,0.09772475093945363,5,0.27965654596791617,0.0,0.0769745978233448,5,0.19848006934167878,0.0,0.08454390022713669,5
random,128,5,5,0.8582748514260015,0.020634738222166184,0.0203974028554972,5,0.7041111926607346,0.03137950708404292,0.018967195662498933,5,0.15498279139580978,0.017372055109386213,0.02082979143843392,5,0.24811378289370004,0.011723358787728193,0.07516790416026721,5,0.37517381450319504,0.018075482872177202,0.08852353889470012,5,0.310446864608461,0.010337850932011753,0.07671271655470048,5,0.2259083242608655,0.011301568754061539,0.08154137851867407,5
random,256,5,5,0.8684886248919271,0.018965566002027503,0.021259383867513162,5,0.7193565111749292,0.03526549938221059,0.026863936414723066,5,0.1500080529426357,0.019867403094787697,0.020801961519977895,5,0.26798770285885254,0.008412663049109401,0.07999866200118268,5,0.4037390426006772,0.010629041429950477,0.09284090015378525,5,0.2880355161641127,0.01036515411076146,0.0770045212645318,5,0.20804437375020596,0.011108201378156327,0.08063678460527719,5
random,384,5,5,0.910443990953507,0.06857919657457111,0.013978789947537956,5,0.8154954028084844,0.13986521141042027,0.01626494482646805,5,0.09544087961603216,0.07216519666316723,0.013075127237333006,5,0.27230760847964514,0.009736887626568706,0.08075232540148342,5,0.40774291715913125,0.01390231644457693,0.09248808670935603,5,0.28813663358879993,0.012244002967734128,0.07789525113485928,5,0.2079873071130245,0.010628154750235467,0.08344712268792616,5
random,512,5,5,0.9088220980398118,0.06840450017463083,0.014851158706865068,5,0.8117398082861879,0.14010600767472378,0.018807131566028337,5,0.0976517651275379,0.07229710946650324,0.014424451498334295,5,0.27837732576425156,0.006612402419794077,0.08274023913912423,5,0.41754808594109905,0.009024135374354243,0.09336381220229246,5,0.2814475924546995,0.00968622398537957,0.07702307170406728,5,0.2015021396452381,0.008182363452062278,0.07898251126082716,5
random,768,5,5,0.9341296469242343,0.06670519900754111,0.010691598570985276,5,0.862547912325244,0.1383380892551791,0.01360939207026886,5,0.07194435656009174,0.07213799984647122,0.010889760190931571,5,0.2830348404112371,0.00522559989905383,0.08335957010292964,5,0.4241924092885313,0.007471629491430622,0.093152942156718,5,0.2793169052520831,0.006766024079766912,0.07601313434384671,5,0.20026708789073652,0.006978137314071548,0.079159806723995,5
random,1024,5,5,0.9342882515345851,0.06159344599989903,0.010565483916580852,5,0.8614961520653001,0.1300284443628194,0.01288493820932422,5,0.07316892656058409,0.0688311038978396,0.010715101084493809,5,0.286350001552736,0.005640765951216677,0.0844265684759398,5,0.4294315126859134,0.007613261109325694,0.09433767185141731,5,0.2758518889527469,0.006656162787878347,0.07556878393413169,5,0.19794394779157254,0.004330343575535202,0.07791815536497239,5
